Rk,Name,Age,Tm,IP,G,GR,GF,Wgr,Lgr,SVOpp,SV,BSv,SV%,SVSit,Hold,IR,IS,IS%,1stIP,aLI,LevHi,LevMd,LevLo,Ahd,Tie,Bhd,Runr,Empt,>3o,<3o,IPmult,0DR,Out/GR,Pit/GR
1,Jason Adam\adamja01,26,KCR,32.1,31,31,14,0,3,2,0,2,0%,4,2,15,9,60%,8,.661,6,5,17,4,5,22,9,22,6,5,8,6,3.1,18
2,Austin L. Adams\adamsau02,27,WSN,1.0,2,2,0,0,0,0,0,0,,0,0,2,1,50%,10,1.503,1,0,0,1,1,0,1,1,0,1,0,0,1.5,12
3,Chance Adams\adamsch01,23,NYY,7.2,3,2,1,0,0,0,0,0,,0,0,0,0,,8,.358,0,0,1,0,0,2,0,2,1,0,1,0,4.0,35
4,Matt Albers\alberma01,35,MIL,34.1,34,34,10,3,3,2,1,1,50%,9,7,16,8,50%,9,1.236,12,7,14,17,8,9,9,25,8,10,10,5,3.0,20
5,Victor Alcantara\alcanvi01,25,DET,30.0,27,27,8,1,1,0,0,0,,3,3,13,3,23%,7,.693,6,5,15,6,3,18,6,21,7,3,7,2,3.3,16
6,Scott Alexander*\alexasc02,28,LAD,66.0,73,71,8,2,1,6,3,3,50%,28,21,27,7,26%,8,1.359,28,23,20,37,13,21,18,53,11,23,12,19,2.6,13
7,Kolby Allard*\allarko01,20,ATL,8.0,3,2,0,0,1,0,0,0,,0,0,0,0,,8,.926,0,1,1,0,1,1,0,2,1,0,1,0,4.5,40
8,Cody Allen\allenco01,29,CLE,67.0,70,70,45,4,6,32,27,5,84%,39,7,24,7,29%,9,1.809,40,11,17,53,12,5,18,52,12,16,14,18,2.9,17
9,Miguel Almonte\almonmi01,25,LAA,7.0,8,8,4,0,0,0,0,0,,0,0,2,0,0%,8,.179,1,0,6,2,0,6,1,7,0,1,1,0,2.6,17
10,Yency Almonte\almonye01,24,COL,14.2,14,14,3,0,0,0,0,0,,3,3,10,8,80%,8,.450,2,4,8,7,1,6,6,8,4,6,4,1,3.1,18
11,Dan Altavilla\altavda01,25,SEA,20.2,22,22,3,3,2,1,0,1,0%,6,5,13,7,54%,6,1.137,7,9,6,10,4,8,9,13,4,6,5,3,2.8,16
12,Jose Alvarado*\alvarjo03,23,TBR,64.0,70,70,17,1,6,12,8,4,67%,45,32,49,12,24%,8,1.692,42,17,9,51,13,6,34,36,18,24,25,16,2.7,15
13,Jose Alvarez*\alvarjo02,29,LAA,63.0,76,76,5,6,4,4,1,3,25%,19,14,50,7,14%,7,1.188,26,25,25,34,14,28,30,46,12,32,20,18,2.5,13
14,Drew Anderson\anderdr02,24,PHI,12.2,5,4,1,0,0,0,0,0,,0,0,0,0,,7,.540,0,0,4,1,0,3,0,4,3,0,3,0,5.8,32
15,Justin Anderson\anderju01,25,LAA,55.1,57,57,10,3,3,6,4,2,67%,28,22,24,3,13%,8,1.415,17,22,18,38,4,15,20,37,12,16,15,11,2.9,18
16,Tanner Anderson\anderta01,25,PIT,11.1,6,6,1,1,0,0,0,0,,0,0,6,2,33%,5,.604,1,1,4,0,1,5,3,3,4,1,4,0,5.7,29
17,Matt Andriese\andrima01,28,TOT,78.2,41,36,13,3,6,0,0,0,,2,1,10,3,30%,,.956,9,8,18,12,11,13,8,28,21,2,25,0,5.4,30
18,Matt Andriese\andrima01,28,TBR,59.2,27,23,6,3,4,0,0,0,,2,1,9,3,33%,8,1.070,7,8,8,7,9,7,7,16,16,1,19,0,6.3,35
19,Matt Andriese\andrima01,28,ARI,19.0,14,13,7,0,2,0,0,0,,0,0,1,0,0%,9,.634,2,0,10,5,2,6,1,12,5,1,6,0,3.9,23
20,Victor Arano\aranovi01,23,PHI,59.1,60,60,14,1,2,5,3,2,60%,15,10,29,9,31%,8,1.094,15,19,24,21,9,30,16,44,13,20,18,11,3.0,16
21,Pedro Araujo\araujpe01,24,BAL,28.0,20,20,8,1,3,0,0,0,,0,0,13,3,23%,8,.415,4,0,15,0,4,16,8,12,11,4,12,2,4.2,26
22,Francisco Arcia\arciafr01,28,LAA,3.0,2,2,2,0,0,0,0,0,,0,0,0,0,,9,.000,0,0,0,0,0,2,0,2,1,0,1,0,4.5,16
23,Shawn Armstrong\armstsh01,27,SEA,14.2,14,14,3,0,1,1,1,0,100%,3,2,6,3,50%,6,1.054,3,7,4,4,5,5,3,11,2,3,2,2,3.1,15
24,Alec Asher\asheral01,26,MIL,3.0,2,2,1,0,0,0,0,0,,0,0,0,0,,8,.144,0,0,2,0,0,2,0,2,1,0,1,0,4.5,19
25,Willians Astudillo\astudwi01,26,MIN,1.0,1,1,1,0,0,0,0,0,,0,0,0,0,,9,.000,0,0,0,0,0,1,0,1,0,0,0,0,3.0,35
26,Alex Avila\avilaal01,31,ARI,2.0,1,1,1,0,0,0,0,0,,0,0,0,0,,7,.000,0,0,0,0,0,1,0,1,1,0,1,0,6.0,13
27,Luis Avilan*\avilalu01,28,TOT,45.1,70,70,8,2,1,5,2,3,40%,17,9,48,9,19%,,1.025,18,19,33,24,9,37,30,40,3,45,11,13,1.9,12
28,Luis Avilan*\avilalu01,28,CHW,39.2,58,58,7,2,1,4,2,2,50%,14,9,41,6,15%,7,.991,15,15,28,20,8,30,25,33,3,36,11,10,2.1,13
29,Luis Avilan*\avilalu01,28,PHI,5.2,12,12,1,0,0,1,0,1,0%,3,0,7,3,43%,8,1.262,3,4,5,4,1,7,5,7,0,9,0,3,1.4,8
30,John Axford\axforjo01,35,TOT,54.2,50,49,12,4,1,1,0,1,0%,8,6,11,5,45%,,.850,6,18,24,12,6,31,8,41,12,10,13,10,3.2,18
31,John Axford\axforjo01,35,TOR,51.0,45,44,11,4,1,1,0,1,0%,8,6,9,4,44%,8,.875,6,17,21,11,6,27,7,37,11,7,12,10,3.3,18
32,John Axford\axforjo01,35,LAD,3.2,5,5,1,0,0,0,0,0,,0,0,2,1,50%,8,.606,0,1,3,1,0,4,1,4,1,3,1,0,2.2,17
33,Pedro Baez\baezpe01,30,LAD,56.1,55,55,8,4,3,2,0,2,0%,10,8,26,6,23%,7,.937,14,14,26,22,12,21,16,39,13,17,15,7,3.1,18
34,Sandy Baez\baezsa01,24,DET,14.1,9,9,0,0,0,0,0,0,,1,1,8,1,13%,8,.388,0,2,6,1,0,8,5,4,4,2,6,0,4.8,30
35,Anthony Banda*\bandaan01,24,TBR,14.2,3,2,1,1,0,0,0,0,,0,0,1,0,0%,5,.672,0,1,1,1,0,1,1,1,2,0,2,0,14.5,69
36,Johnny Barbato\barbajo01,25,DET,6.2,7,7,4,0,0,0,0,0,,2,2,0,0,,8,.416,1,1,5,2,0,5,0,7,1,3,1,0,2.9,19
37,Luke Bard\bardlu01,27,LAA,11.2,8,8,3,0,0,0,0,0,,0,0,2,0,0%,9,.537,1,0,6,2,1,5,1,7,5,1,5,1,4.4,27
38,Scott Barlow\barlosc01,25,KCR,15.0,6,6,3,1,1,0,0,0,,0,0,4,1,25%,6,.990,3,1,2,1,3,2,2,4,5,1,6,0,7.5,40
39,Danny Barnes\barneda02,28,TOR,41.0,47,47,6,3,3,2,0,2,0%,10,8,35,11,31%,7,.857,12,11,22,13,6,28,20,27,6,19,10,7,2.6,17
40,Jacob Barnes\barneja01,28,MIL,48.2,49,49,19,0,1,4,2,2,50%,8,4,23,11,48%,8,.878,8,12,29,19,2,28,13,36,8,14,8,5,3.0,17
41,Matt Barnes\barnema01,28,BOS,61.2,62,62,8,6,4,3,0,3,0%,29,25,14,1,7%,8,1.456,22,19,21,46,7,9,8,54,6,5,7,9,3.0,18
42,Tony Barnette\barneto01,34,TEX,26.1,22,22,5,2,0,0,0,0,,1,1,7,3,43%,6,.322,0,3,19,6,1,15,5,17,8,6,10,1,3.6,18
43,Kyle Barraclough\barraky01,28,MIA,55.2,61,61,25,1,6,17,10,7,59%,27,10,2,2,100%,9,1.665,22,17,20,40,12,9,2,59,0,10,0,15,2.7,17
44,Jake Barrett\barreja01,26,ARI,7.0,7,7,5,0,1,0,0,0,,0,0,1,0,0%,9,.604,2,0,5,3,2,2,1,6,1,2,1,1,3.0,18
45,Tyler Bashlor\bashlty01,25,NYM,32.0,24,24,6,0,3,0,0,0,,0,0,6,2,33%,7,.692,6,2,15,2,7,15,4,20,9,5,10,0,4.0,24
46,Anthony Bass\bassan01,30,CHC,15.1,16,16,3,0,0,0,0,0,,3,3,10,7,70%,6,.728,3,5,8,8,2,6,6,10,2,3,2,7,2.9,15
47,Chris Bassitt\bassich01,29,OAK,47.2,11,4,0,0,0,0,0,0,,0,0,0,0,,2,.970,0,3,1,2,0,2,0,4,3,0,3,0,8.3,44
48,Trevor Bauer\bauertr01,27,CLE,175.1,28,1,1,0,0,1,1,0,100%,1,0,0,0,,6,.992,1,0,0,1,0,0,0,1,1,0,1,0,12.0,51
49,Buddy Baumann*\baumabu01,30,TOT,3.1,4,4,1,0,2,0,0,0,,0,0,0,0,,,.863,1,1,1,0,2,2,0,4,1,3,1,0,2.5,30
50,Buddy Baumann*\baumabu01,30,SDP,0.1,1,1,0,0,1,0,0,0,,0,0,0,0,,3,1.433,0,1,0,0,1,0,0,1,0,1,0,0,1.0,29
51,Buddy Baumann*\baumabu01,30,NYM,3.0,3,3,1,0,1,0,0,0,,0,0,0,0,,14,.700,1,0,1,0,1,2,0,3,1,2,1,0,3.0,30
52,Gerson Bautista\bautige01,23,NYM,4.1,5,5,5,0,1,0,0,0,,0,0,4,3,75%,9,.247,1,0,4,0,1,4,2,3,1,2,1,0,2.6,18
53,Chris Beck\beckch02,27,TOT,34.0,20,20,9,0,0,1,1,0,100%,1,0,6,1,17%,,.217,0,1,18,3,0,17,4,16,11,3,11,3,5.1,28
54,Chris Beck\beckch02,27,CHW,23.2,14,14,8,0,0,1,1,0,100%,1,0,6,1,17%,8,.139,0,0,13,3,0,11,4,10,7,1,7,3,5.1,27
55,Chris Beck\beckch02,27,NYM,10.1,6,6,1,0,0,0,0,0,,0,0,0,0,,5,.391,0,1,5,0,0,6,0,6,4,2,4,0,5.2,30
56,Cam Bedrosian\bedroca01,26,LAA,64.0,71,71,7,5,4,8,1,7,13%,19,11,28,7,25%,6,1.137,21,19,31,32,8,31,17,54,8,23,8,13,2.7,15
57,Jalen Beeks*\beeksja02,24,TOT,50.2,14,13,0,5,0,0,0,0,,1,1,6,3,50%,,.837,2,10,1,7,3,3,3,10,13,0,13,0,10.8,61
58,Jalen Beeks*\beeksja02,24,BOS,6.1,2,1,0,0,0,0,0,0,,0,0,0,0,,4,.777,0,0,1,1,0,0,0,1,1,0,1,0,7.0,49
59,Jalen Beeks*\beeksja02,24,TBR,44.1,12,12,0,5,0,0,0,0,,1,1,6,3,50%,3,.848,2,10,0,6,3,3,3,9,12,0,12,0,11.1,62
60,Matt Belisle\belisma01,38,TOT,34.1,33,33,14,1,1,1,0,1,0%,3,1,17,1,6%,,.489,4,4,23,11,2,20,9,24,8,7,8,7,3.1,18
61,Matt Belisle\belisma01,38,CLE,10.2,8,8,3,0,0,1,0,1,0%,1,0,2,0,0%,9,.523,1,1,6,3,0,5,1,7,3,0,3,2,4.0,19
62,Matt Belisle\belisma01,38,MIN,23.2,25,25,11,1,1,0,0,0,,2,1,15,1,7%,8,.477,3,3,17,8,2,15,8,17,5,7,5,5,2.8,17
63,Jeff Beliveau*\belivje01,31,CLE,4.2,9,9,2,0,0,1,1,0,100%,2,0,7,2,29%,9,.367,2,1,5,5,1,3,4,5,1,6,1,4,1.6,13
64,Chad Bell*\bellch02,29,DET,7.1,3,3,0,0,1,0,0,0,,0,0,5,1,20%,6,.413,0,1,2,1,1,1,2,1,3,0,3,0,7.3,41
65,Christian Bergman\bergmch01,30,SEA,14.0,3,1,0,0,0,0,0,0,,0,0,2,2,100%,5,.710,0,0,1,0,0,1,1,0,1,0,1,0,8.0,44
66,Dellin Betances\betande01,30,NYY,66.2,66,66,15,4,6,7,4,3,57%,27,20,8,3,38%,8,1.423,31,15,18,40,16,10,5,61,4,6,7,13,3.0,17
67,Chad Bettis\bettich01,29,COL,120.1,27,7,2,0,0,0,0,0,,1,1,6,2,33%,9,.996,0,3,4,2,0,5,3,4,3,1,3,0,4.9,26
68,Joe Biagini\biagijo01,28,TOR,72.0,50,46,7,4,4,0,0,0,,6,5,21,4,19%,8,.886,11,12,21,12,7,27,12,34,16,12,19,9,3.5,19
69,Austin Bibens-Dirkx\bibenau01,33,TEX,45.0,13,7,4,0,1,0,0,0,,0,0,1,1,100%,9,.730,1,0,6,2,1,4,1,6,3,1,3,0,4.7,30
70,Jesse Biddle*\biddlje01,26,ATL,63.2,60,60,14,6,1,4,1,3,25%,17,12,17,6,35%,7,1.283,18,19,21,28,10,22,11,49,14,19,14,11,3.2,17
71,Shane Bieber\biebesh01,23,CLE,114.2,20,1,0,0,1,0,0,0,,0,0,0,0,,3,.984,0,1,0,0,1,0,0,1,1,0,1,0,14.0,82
72,Ty Blach*\blachty01,27,SFG,118.2,47,34,13,3,1,0,0,0,,3,3,18,6,33%,8,.911,8,5,21,8,8,18,9,25,15,7,15,4,4.8,24
73,Ray Black\blackra01,28,SFG,23.1,26,26,4,2,2,1,0,1,0%,2,1,6,2,33%,7,.936,9,5,12,3,7,16,4,22,2,6,3,3,2.7,16
74,Alex Blandino\blandal01,25,CIN,1.0,1,1,1,0,0,0,0,0,,0,0,0,0,,8,.000,0,0,0,0,0,1,0,1,0,0,0,0,3.0,15
75,Jeremy Bleich*\bleicje01,31,OAK,0.1,2,2,0,0,0,0,0,0,,0,0,3,2,67%,9,.418,0,1,1,0,0,2,1,1,0,2,0,0,0.5,7
76,Richard Bleier*\bleieri01,31,BAL,32.2,31,31,4,3,0,1,0,1,0%,10,9,19,5,26%,8,1.251,12,7,10,12,4,15,13,18,8,11,10,8,3.2,15
77,Jerry Blevins*\blevije01,34,NYM,42.2,64,63,7,3,2,1,1,0,100%,15,8,40,9,23%,7,.826,21,12,26,26,13,24,26,37,6,37,9,17,1.9,12
78,Matt Bowman\bowmama01,27,STL,23.0,22,22,5,0,2,2,0,2,0%,7,5,14,2,14%,7,1.072,6,8,8,9,3,10,9,13,7,5,7,4,3.1,20
79,Brad Boxberger\boxbebr01,30,ARI,53.1,60,60,45,3,7,40,32,8,80%,41,1,9,2,22%,9,2.148,38,12,8,44,10,6,5,55,0,12,0,14,2.7,16
80,Blaine Boyer\boyerbl01,36,KCR,21.2,21,21,8,2,1,2,1,1,50%,4,2,4,0,0%,8,.748,5,3,11,5,2,14,2,19,3,3,4,1,3.1,21
81,Brad Brach\brachbr01,32,TOT,62.2,69,69,32,2,4,16,12,4,75%,28,11,23,7,30%,,1.666,24,17,27,36,8,25,11,58,6,17,6,14,2.7,17
82,Brad Brach\brachbr01,32,BAL,39.0,42,42,24,1,2,13,11,2,85%,16,3,15,2,13%,9,1.688,11,12,18,19,4,19,7,35,5,10,5,7,2.8,17
83,Brad Brach\brachbr01,32,ATL,23.2,27,27,8,1,2,3,1,2,33%,12,8,8,5,63%,8,1.626,13,5,9,17,4,6,4,23,1,7,1,7,2.6,16
84,Silvino Bracho\brachsi01,25,ARI,31.0,31,31,7,2,0,4,0,4,0%,6,2,23,13,57%,7,.767,10,5,16,8,3,20,13,18,7,11,7,11,3.0,16
85,Chasen Bradford\bradfch02,28,SEA,53.2,46,46,15,5,0,0,0,0,,2,2,19,6,32%,9,.578,7,8,29,10,3,33,12,34,12,13,13,10,3.5,19
86,Archie Bradley\bradlar01,25,ARI,71.2,76,76,8,4,5,11,3,8,27%,45,34,32,8,25%,8,1.718,42,19,15,53,16,7,21,55,12,17,12,23,2.8,16
87,Ryan Brasier\brasiry01,30,BOS,33.2,34,34,5,2,0,2,0,2,0%,12,10,18,8,44%,7,.973,9,9,16,24,4,6,9,25,4,6,4,7,3.0,14
88,Steven Brault*\braulst01,26,PIT,91.2,45,40,6,5,2,0,0,0,,3,3,17,1,6%,6,.930,9,12,18,11,6,23,10,30,23,8,24,4,4.9,30
89,John Brebbia\brebbjo01,28,STL,50.2,45,45,17,3,3,3,2,1,67%,8,5,14,3,21%,9,.621,6,6,31,16,4,25,8,37,9,8,10,8,3.4,19
90,Colten Brewer\breweco01,25,SDP,9.2,11,11,5,1,0,0,0,0,,0,0,1,0,0%,8,.622,2,0,8,2,2,7,1,10,1,4,1,1,2.6,18
91,Austin Brice\briceau01,26,CIN,37.1,33,33,8,2,3,0,0,0,,3,3,13,3,23%,6,.586,4,9,19,7,4,22,8,25,10,6,12,9,3.4,18
92,Parker Bridwell\bridwpa01,26,LAA,6.2,5,4,2,1,0,0,0,0,,0,0,0,0,,9,.270,0,0,4,0,0,4,0,4,1,0,1,0,3.8,20
93,Zack Britton*\brittza01,30,TOT,40.2,41,41,21,2,0,10,7,3,70%,19,9,9,3,33%,,1.355,14,9,17,23,4,14,5,36,3,4,3,7,3.0,16
94,Zack Britton*\brittza01,30,BAL,15.2,16,16,11,1,0,5,4,1,80%,6,1,2,0,0%,9,1.456,5,2,9,8,1,7,1,15,1,1,1,3,2.9,15
95,Zack Britton*\brittza01,30,NYY,25.0,25,25,10,1,0,5,3,2,60%,13,8,7,3,43%,7,1.295,9,7,8,15,3,7,4,21,2,3,2,4,3.0,16
96,Aaron Brooks\brookaa01,28,OAK,2.2,3,3,2,0,0,0,0,0,,0,0,2,1,50%,9,.008,0,0,1,2,0,1,1,2,0,1,0,0,2.7,14
97,Rex Brothers*\brothre01,30,ATL,0.0,1,1,0,0,0,0,0,0,,0,0,2,1,50%,6,1.620,0,1,0,0,0,1,1,0,0,1,0,0,0.0,12
98,Clay Buchholz\buchhcl01,33,ARI,98.1,16,1,0,0,0,0,0,0,,0,0,0,0,,1,.905,0,0,0,0,0,0,0,0,0,1,0,0,0.0,
99,Ryan Buchter*\buchtry01,31,OAK,39.1,54,54,4,6,0,0,0,0,,19,16,30,2,7%,7,1.019,18,18,17,29,11,14,18,36,2,26,11,18,2.2,13
100,Walker Buehler\buehlwa01,23,LAD,137.1,24,1,0,0,1,1,0,1,0%,1,0,0,0,,6,1.034,0,1,0,1,0,0,0,1,0,0,1,0,3.0,35
101,Aaron Bummer*\bummeaa01,24,CHW,31.2,37,37,9,0,1,1,0,1,0%,3,2,32,14,44%,7,.706,9,5,20,8,5,24,18,19,12,22,12,8,2.6,16
102,Nick Burdi\burdini01,25,PIT,1.1,2,2,1,0,0,0,0,0,,0,0,0,0,,9,.028,0,0,1,0,0,2,0,2,0,1,0,0,2.0,18
103,Corbin Burnes\burneco01,23,MIL,38.0,30,30,6,7,0,2,1,1,50%,5,3,9,0,0%,6,1.076,10,11,9,7,8,15,6,24,10,4,11,4,3.8,19
104,Ryan Burr\burrry01,24,CHW,9.2,8,8,1,0,0,0,0,0,,0,0,6,4,67%,8,.312,1,2,5,0,1,7,4,4,4,1,5,0,3.6,20
105,Alan Busenitz\busenal01,27,MIN,25.1,23,23,7,4,1,2,0,2,0%,2,0,20,10,50%,6,1.164,8,4,9,7,4,12,14,9,9,8,11,3,3.3,22
106,Matt Bush\bushma01,32,TEX,23.0,21,21,6,0,0,0,0,0,,3,3,12,4,33%,6,.724,6,5,9,5,4,12,7,14,7,6,7,5,3.3,20
107,Drew Butera\buterdr01,34,KCR,0.1,1,1,1,0,0,0,0,0,,0,0,1,1,100%,9,.002,0,0,0,0,0,1,1,0,0,1,0,0,1.0,24
108,Eddie Butler\butleed01,27,TOT,49.2,30,30,9,2,3,2,2,0,100%,4,2,22,8,36%,,.670,8,3,18,11,4,15,12,18,15,9,16,5,5.0,28
109,Eddie Butler\butleed01,27,CHC,17.2,8,8,3,1,1,0,0,0,,0,0,4,3,75%,9,.837,1,1,6,3,1,4,2,6,4,1,4,1,6.6,34
110,Eddie Butler\butleed01,27,TEX,32.0,22,22,6,1,2,2,2,0,100%,4,2,18,5,28%,7,.588,7,2,12,8,3,11,10,12,11,8,12,4,4.4,26
111,Ty Buttrey\buttrty01,25,LAA,16.1,16,16,4,0,1,6,4,2,67%,12,6,8,4,50%,8,2.108,11,3,2,13,0,3,4,12,3,1,3,2,3.1,19
112,Trevor Cahill\cahiltr01,30,OAK,110.0,21,1,0,1,0,0,0,0,,0,0,0,0,,2,.993,0,1,0,1,0,0,0,1,1,0,1,0,12.0,53
113,Victor Caratini\caratvi01,24,CHC,2.0,2,2,0,0,0,0,0,0,,0,0,1,0,0%,8,.011,0,0,1,0,0,2,1,1,0,0,1,0,3.0,10
114,Shane Carle\carlesh01,26,ATL,63.0,53,53,8,4,1,2,1,1,50%,17,14,28,9,32%,7,1.273,22,13,17,22,11,20,12,41,17,10,20,4,3.6,18
115,Ryan Carpenter*\carpery01,27,DET,22.1,6,1,0,0,0,0,0,0,,0,0,0,0,,6,.814,0,1,0,0,0,1,0,1,0,1,0,0,2.0,19
116,Carlos Carrasco\carraca01,31,CLE,192.0,32,2,1,1,1,0,0,0,,0,0,0,0,,8,.980,1,1,0,1,1,0,0,2,1,0,1,0,8.0,48
117,Cody Carroll\carroco01,25,BAL,17.0,15,15,3,0,2,1,0,1,0%,2,1,3,2,67%,7,.634,2,2,10,3,2,10,3,12,3,1,3,0,3.4,25
118,Santiago Casilla\garcija01,37,OAK,31.1,26,26,12,0,0,1,1,0,100%,2,1,9,5,56%,8,.679,3,3,19,5,2,19,5,21,8,4,8,2,3.6,19
119,Diego Castillo\castidi01,24,TBR,56.2,43,32,5,4,2,2,0,2,0%,14,12,18,8,44%,8,1.150,18,6,7,21,7,4,11,21,12,8,14,4,3.7,20
120,Jose Castillo*\castijo03,22,SDP,38.1,37,37,5,3,3,1,0,1,0%,14,12,16,3,19%,6,1.158,14,14,8,20,8,9,12,25,10,11,13,5,3.1,17
121,Miguel Castro\castrmi01,23,BAL,86.1,63,62,16,2,7,2,0,2,0%,7,5,38,8,21%,7,.907,16,13,31,13,13,36,24,38,31,13,33,5,4.0,23
122,Brett Cecil*\cecilbr01,31,STL,32.2,40,40,7,1,1,0,0,0,,0,0,26,7,27%,8,.423,6,4,28,7,5,28,15,25,4,17,7,8,2.5,14
123,Xavier Cedeno*\cedenxa01,31,TOT,33.1,48,48,4,2,0,2,1,1,50%,15,11,23,7,30%,,.953,14,14,20,23,8,17,16,32,4,26,6,14,2.1,12
124,Xavier Cedeno*\cedenxa01,31,CHW,25.1,33,33,4,2,0,2,1,1,50%,10,7,21,7,33%,8,1.018,11,9,13,16,5,12,14,19,3,16,5,10,2.3,13
125,Xavier Cedeno*\cedenxa01,31,MIL,8.0,15,15,0,0,0,0,0,0,,5,4,2,0,0%,6,.749,3,5,7,7,3,5,2,13,1,10,1,4,1.6,10
126,Luis Cessa\cessalu01,26,NYY,44.2,16,11,6,0,0,2,2,0,100%,2,0,3,0,0%,7,.546,0,1,9,5,0,6,2,9,9,0,9,0,7.3,36
127,Andrew Chafin*\chafian01,28,ARI,49.1,77,77,13,1,6,0,0,0,,24,17,38,10,26%,7,1.158,32,17,28,36,18,23,25,52,6,49,7,22,1.9,11
128,Aroldis Chapman*\chapmar01,30,NYY,51.1,55,55,43,3,0,34,32,2,94%,36,1,6,0,0%,9,1.881,26,17,11,46,7,2,5,50,2,7,2,9,2.8,17
129,JT Chargois\chargjt01,27,LAD,32.1,39,39,4,2,4,4,0,4,0%,11,7,19,8,42%,7,1.203,15,10,13,14,7,18,13,26,5,14,6,8,2.5,13
130,Tyler Chatwood\chatwty01,28,CHC,103.2,24,4,4,0,0,0,0,0,,0,0,0,0,,7,.982,0,0,4,1,0,3,0,4,3,0,3,0,5.8,36
131,Jesse Chavez\chaveje01,34,TOT,95.1,62,62,26,5,2,6,5,1,83%,13,7,24,13,54%,,.744,14,16,32,21,6,35,15,47,28,10,28,8,4.6,24
132,Jesse Chavez\chaveje01,34,TEX,56.1,30,30,15,3,1,1,1,0,100%,4,3,13,10,77%,8,.562,2,10,18,5,2,23,8,22,18,4,18,1,5.6,30
133,Jesse Chavez\chaveje01,34,CHC,39.0,32,32,11,2,1,5,4,1,80%,9,4,11,3,27%,6,1.042,12,6,14,16,4,12,7,25,10,6,10,7,3.7,19
134,Yonny Chirinos\chiriyo01,24,TBR,89.2,18,11,2,5,2,0,0,0,,0,0,4,1,25%,2,1.023,2,8,1,4,5,2,3,8,11,0,11,0,15.6,74
135,Adam Cimber\cimbead01,27,TOT,68.1,70,70,16,3,8,1,0,1,0%,14,13,38,14,37%,,.962,18,17,33,26,15,29,25,45,12,25,17,15,2.9,14
136,Adam Cimber\cimbead01,27,SDP,48.1,42,42,10,3,5,1,0,1,0%,7,6,18,5,28%,6,.790,9,12,21,10,11,21,11,31,10,8,11,7,3.5,16
137,Adam Cimber\cimbead01,27,CLE,20.0,28,28,6,0,3,0,0,0,,7,7,20,9,45%,8,1.320,9,5,12,16,4,8,14,14,2,17,6,8,2.1,11
138,Tony Cingrani*\cingrto01,28,LAD,22.2,30,30,2,1,2,2,0,2,0%,13,11,10,5,50%,7,1.255,12,8,9,19,5,6,8,22,1,12,1,6,2.3,14
139,Steve Cishek\cishest01,32,CHC,70.1,80,80,10,4,3,7,4,3,57%,32,25,59,17,29%,7,1.326,40,21,18,45,17,18,37,43,15,33,22,22,2.6,14
140,Alex Claudio*\claudal01,26,TEX,68.1,66,65,20,4,2,3,1,2,33%,17,14,38,10,26%,7,.965,20,14,28,21,8,36,24,41,19,22,22,10,3.1,16
141,Tyler Clippard\clippty01,33,TOR,68.2,73,72,22,4,3,13,7,6,54%,28,15,17,6,35%,8,1.330,27,18,26,36,7,29,10,62,3,12,4,15,2.8,16
142,Tyler Cloyd\cloydty01,31,MIA,17.2,7,7,4,0,0,0,0,0,,0,0,3,0,0%,5,.075,0,0,7,1,0,6,2,5,5,0,5,0,7.6,48
143,Alex Cobb\cobbal01,30,BAL,152.1,28,1,0,0,0,0,0,0,,0,0,0,0,,1,.957,0,0,0,0,0,0,0,0,0,1,0,0,0.0,
144,A.J. Cole\coleaj01,26,TOT,48.1,32,30,14,4,1,1,0,1,0%,1,0,14,4,29%,,.595,3,4,23,10,2,18,8,22,16,5,16,2,3.9,24
145,A.J. Cole\coleaj01,26,WSN,10.1,4,2,1,1,0,0,0,0,,0,0,3,3,100%,8,.694,0,0,2,0,0,2,1,1,0,1,0,0,2.0,14
146,A.J. Cole\coleaj01,26,NYY,38.0,28,28,13,3,1,1,0,1,0%,1,0,11,1,9%,8,.564,3,4,21,10,2,16,7,21,16,4,16,2,4.1,25
147,Taylor Cole\coleta01,28,LAA,36.0,18,16,4,4,2,0,0,0,,0,0,9,0,0%,6,.643,1,6,9,3,5,8,5,11,13,0,13,0,6.3,31
148,Louis Coleman\colemlo01,32,DET,51.1,51,51,9,4,1,3,0,3,0%,9,6,31,10,32%,7,.983,19,8,22,15,9,27,19,32,13,15,14,6,3.0,16
149,Tim Collins*\colliti01,28,WSN,22.2,38,38,5,0,0,0,0,0,,5,4,27,5,19%,8,.757,7,12,19,8,6,24,16,22,2,26,4,12,1.8,10
150,Alex Colome\colomal01,29,TOT,68.0,70,70,24,7,5,17,12,5,71%,47,30,16,7,44%,,1.910,38,26,6,52,16,2,12,58,5,9,5,22,2.9,16
151,Alex Colome\colomal01,29,TBR,21.2,23,23,21,2,5,13,11,2,85%,13,0,5,3,60%,9,2.236,15,3,5,16,6,1,4,19,1,4,1,9,2.8,16
152,Alex Colome\colomal01,29,SEA,46.1,47,47,3,5,0,4,1,3,25%,34,30,11,4,36%,8,1.739,23,23,1,36,10,1,8,39,4,5,4,13,3.0,15
153,Bartolo Colon\colonba01,45,TEX,146.1,28,4,1,0,0,0,0,0,,0,0,0,0,,8,.893,0,0,4,0,0,4,0,4,3,1,3,0,5.3,23
154,Adam Conley*\conlead01,28,MIA,50.2,52,52,5,3,4,5,3,2,60%,22,16,27,8,30%,7,1.232,25,13,14,27,10,15,16,36,12,16,12,14,2.9,15
155,P.J. Conlon*\conlopj01,24,NYM,7.2,3,1,1,0,0,0,0,0,,0,0,0,0,,8,.702,0,0,1,0,0,1,0,1,1,0,1,0,6.0,33
156,Ryan Cook\cookry01,31,SEA,17.0,19,19,5,2,1,0,0,0,,5,5,4,0,0%,7,.915,3,7,9,6,1,12,3,16,1,6,1,3,2.7,16
157,Scott Copeland\copelsc01,30,NYM,1.1,1,1,0,0,0,0,0,0,,0,0,3,0,0%,7,.200,0,0,1,0,0,1,1,0,1,0,1,0,4.0,22
158,Daniel Corcino\corcida01,27,LAD,4.0,2,2,2,0,0,1,1,0,100%,1,0,0,0,,9,.044,0,0,2,1,0,1,0,2,1,0,1,0,6.0,34
159,Jimmy Cordero\cordeji01,26,WSN,19.0,22,22,3,1,2,1,0,1,0%,1,0,8,4,50%,6,.832,3,5,14,4,4,14,4,18,4,8,4,7,2.6,15
160,Nestor Cortes Jr.*\cortene01,23,BAL,4.2,4,4,3,0,0,0,0,0,,0,0,6,6,100%,9,.277,2,0,2,0,0,4,2,2,2,1,2,0,3.5,27
161,Danny Coulombe*\couloda01,28,OAK,23.2,27,27,3,1,1,0,0,0,,1,0,19,6,32%,7,.708,5,5,16,2,3,22,13,14,5,10,10,3,2.6,15
162,Dylan Covey\coveydy01,26,CHW,121.2,27,6,2,1,2,0,0,0,,0,0,3,1,33%,8,.988,1,3,2,2,1,3,2,4,6,0,6,0,6.0,32
163,Kyle Crick\crickky01,25,PIT,60.1,64,64,13,3,2,3,2,1,67%,21,17,17,4,24%,8,1.250,21,16,27,30,10,24,10,54,5,12,5,13,2.8,16
164,Kyle Crockett*\crockky01,26,CIN,9.1,15,15,2,1,0,0,0,0,,3,1,13,0,0%,6,.676,6,1,6,3,2,10,8,7,1,10,2,4,1.9,12
165,Rhiner Cruz\cruzrh01,31,TOR,3.1,2,2,1,0,0,0,0,0,,0,0,2,0,0%,8,.281,0,0,2,0,0,2,1,1,2,0,2,0,5.0,28
166,William Cuevas\cuevawi01,27,BOS,17.0,9,8,3,0,1,0,0,0,,1,1,2,1,50%,8,.924,2,1,4,2,1,5,2,6,4,1,4,1,5.6,39
167,Charlie Culberson\culbech01,29,ATL,1.0,1,1,1,0,0,0,0,0,,0,0,0,0,,9,.000,0,0,0,0,0,1,0,1,0,0,0,0,3.0,10
168,Brandon Cumpton\cumptbr01,29,TOR,1.2,1,1,0,0,0,0,0,0,,0,0,0,0,,5,.386,0,0,1,0,0,1,0,1,1,0,1,0,5.0,46
169,Zac Curtis*\curtiza01,25,TOT,16.1,15,15,5,0,1,0,0,0,,1,1,10,4,40%,,.251,1,1,12,4,1,10,6,9,5,5,7,0,3.3,21
170,Zac Curtis*\curtiza01,25,PHI,9.2,7,7,4,0,0,0,0,0,,0,0,3,0,0%,7,.049,0,0,6,3,0,4,2,5,4,1,4,0,4.1,24
171,Zac Curtis*\curtiza01,25,TEX,6.2,8,8,1,0,1,0,0,0,,1,1,7,4,57%,6,.505,1,1,6,1,1,6,4,4,1,4,3,0,2.5,18
172,John Curtiss\curtijo02,25,MIN,6.1,8,8,2,0,1,0,0,0,,0,0,2,0,0%,8,.930,1,0,7,2,1,5,1,7,0,3,0,2,2.4,14
173,Chase d'Arnaud\darnach01,31,SFG,1.0,1,1,1,0,0,0,0,0,,0,0,0,0,,8,.000,0,0,0,0,0,1,0,1,0,0,0,0,3.0,16
174,Tyler Danish\danisty01,23,CHW,6.1,7,7,0,1,0,0,0,0,,0,0,8,2,25%,7,.777,3,0,2,0,3,4,5,2,1,2,3,1,2.7,19
175,Matt Davidson\davidma02,27,CHW,3.0,3,3,3,0,0,0,0,0,,0,0,0,0,,9,.001,0,0,0,0,0,3,0,3,0,0,0,0,3.0,15
176,Austin Davis*\davisau01,25,PHI,34.2,32,32,10,1,2,0,0,0,,2,2,20,12,60%,8,.677,7,5,19,6,5,21,11,21,13,9,15,6,3.3,19
177,J.D. Davis\davisjd01,25,HOU,1.0,1,1,1,0,0,0,0,0,,0,0,0,0,,8,.000,0,0,0,0,0,1,0,1,0,0,0,0,3.0,9
178,Wade Davis\daviswa01,32,COL,65.1,69,69,63,3,6,49,43,6,88%,49,0,8,1,13%,9,2.002,41,14,14,60,6,3,5,64,1,7,2,18,2.8,16
179,Jorge De La Rosa*\rosajo01,37,TOT,56.0,59,59,14,0,2,2,1,1,50%,13,9,29,11,38%,,.799,15,12,32,29,9,21,17,42,13,24,14,13,2.8,17
180,Jorge De La Rosa*\rosajo01,37,ARI,35.0,42,42,7,0,2,1,0,1,0%,9,6,23,9,39%,8,.833,10,11,21,20,7,15,13,29,6,20,7,11,2.5,15
181,Jorge De La Rosa*\rosajo01,37,CHC,21.0,17,17,7,0,0,1,1,0,100%,4,3,6,2,33%,8,.736,5,1,11,9,2,6,4,13,7,4,7,2,3.7,21
182,Enyel De Los Santos\delosen01,22,PHI,19.0,7,5,2,0,0,0,0,0,,0,0,2,2,100%,7,.513,0,0,5,0,0,5,1,4,4,0,4,0,5.0,32
183,Dean Deetz\deetzde01,24,HOU,3.1,4,4,3,0,0,0,0,0,,0,0,1,0,0%,9,.064,0,0,4,2,0,2,1,3,0,2,0,0,2.5,15
184,Randall Delgado\delgara01,28,ARI,11.1,10,10,1,2,0,1,0,1,0%,1,0,4,1,25%,9,.584,1,2,7,2,2,6,3,7,4,3,4,1,3.4,20
185,Daniel Descalso\descada01,31,ARI,3.1,2,2,1,0,0,0,0,0,,0,0,3,2,67%,9,.000,0,0,0,0,0,2,2,0,1,1,1,0,5.0,22
186,Odrisamer Despaigne\despaod01,31,TOT,39.0,19,14,2,2,0,1,0,1,0%,1,0,5,1,20%,,.905,2,6,6,1,5,8,3,11,6,4,7,3,4.5,29
187,Odrisamer Despaigne\despaod01,31,MIA,20.1,11,10,2,2,0,1,0,1,0%,1,0,5,1,20%,6,.956,2,4,4,1,4,5,3,7,4,2,5,3,4.6,27
188,Odrisamer Despaigne\despaod01,31,LAA,18.2,8,4,0,0,0,0,0,0,,0,0,0,0,,7,.857,0,2,2,0,1,3,0,4,2,2,2,0,4.3,33
189,Ross Detwiler*\detwiro01,32,SEA,6.0,1,1,0,0,1,0,0,0,,0,0,0,0,,3,1.123,0,1,0,0,1,0,0,1,1,0,1,0,18.0,76
190,Chris Devenski\devench02,27,HOU,47.1,50,49,8,2,2,5,2,3,40%,23,18,23,8,35%,8,1.423,21,12,15,34,8,7,13,36,6,12,7,7,2.8,15
191,Edwin Diaz\diazed04,24,SEA,73.1,73,73,65,0,4,61,57,4,93%,61,0,5,3,60%,9,2.163,43,25,5,66,7,0,2,71,3,1,3,26,3.0,16
192,Miguel Diaz\diazmi02,23,SDP,18.2,11,11,4,1,0,0,0,0,,1,0,1,0,0%,7,.774,2,1,8,1,2,8,1,10,9,0,9,0,5.1,32
193,Jake Diekman*\diekmja01,31,TOT,53.1,71,71,15,1,2,3,2,1,67%,22,17,27,6,22%,,1.232,26,18,27,33,10,28,17,54,1,29,6,11,2.3,14
194,Jake Diekman*\diekmja01,31,TEX,39.0,47,47,10,1,1,3,2,1,67%,18,14,19,5,26%,8,1.363,19,12,16,25,5,17,12,35,1,16,5,6,2.5,16
195,Jake Diekman*\diekmja01,31,ARI,14.1,24,24,5,0,1,0,0,0,,4,3,8,1,13%,8,.913,7,6,11,8,5,11,5,19,0,13,1,5,1.8,11
196,Brandon Dixon\dixonbr01,26,CIN,1.1,2,2,2,0,0,0,0,0,,0,0,2,0,0%,9,.003,0,0,1,0,0,2,1,1,0,1,0,0,2.0,7
197,Seranthony Dominguez\dominse01,23,PHI,58.0,53,53,24,2,5,20,16,4,80%,34,14,25,6,24%,8,1.796,30,14,9,40,10,3,16,37,16,10,17,14,3.3,18
198,Sean Doolittle*\doolise01,31,WSN,45.0,43,43,35,3,3,26,25,1,96%,27,1,9,1,11%,9,1.652,29,7,6,30,9,4,4,39,5,2,5,8,3.1,14
199,Oliver Drake\drakeol01,31,TOT,47.2,44,44,19,1,1,1,0,1,0%,2,1,12,1,8%,,.453,6,3,35,12,2,30,7,37,11,7,11,8,3.3,19
200,Oliver Drake\drakeol01,31,TOT,35.0,33,33,16,0,1,0,0,0,,1,1,6,0,0%,,.359,4,2,27,9,1,23,4,29,7,6,7,6,3.2,18
201,Oliver Drake\drakeol01,31,MIL,12.2,11,11,3,1,0,1,0,1,0%,1,0,6,1,17%,8,.698,2,1,8,3,1,7,3,8,4,1,4,2,3.5,21
202,Oliver Drake\drakeol01,31,CLE,4.1,4,4,0,0,0,0,0,0,,0,0,1,0,0%,9,.117,0,0,4,2,0,2,1,3,2,1,2,1,3.3,19
203,Oliver Drake\drakeol01,31,LAA,8.2,8,8,6,0,1,0,0,0,,0,0,0,0,,8,.312,1,0,7,2,1,5,0,8,2,2,2,2,3.3,18
204,Oliver Drake\drakeol01,31,TOR,1.2,2,2,2,0,0,0,0,0,,0,0,1,0,0%,9,.084,0,0,2,1,0,1,1,1,0,1,0,1,2.5,18
205,Oliver Drake\drakeol01,31,MIN,20.1,19,19,8,0,0,0,0,0,,1,1,4,0,0%,7,.480,3,2,14,4,0,15,2,17,3,2,3,2,3.2,17
206,Brian Duensing*\duensbr01,35,CHC,37.2,48,48,7,3,0,3,1,2,33%,6,2,38,10,26%,8,.788,14,12,21,15,9,24,19,29,9,29,11,11,2.4,15
207,Tyler Duffey\duffety01,27,MIN,25.0,19,18,4,2,2,0,0,0,,2,2,13,1,8%,6,.685,5,3,10,7,1,10,7,11,8,6,9,2,3.8,22
208,Zach Duke*\dukeza01,35,TOT,52.0,72,72,11,5,5,4,0,4,0%,23,17,31,8,26%,,1.264,27,15,30,32,15,25,19,53,5,37,6,21,2.2,13
209,Zach Duke*\dukeza01,35,MIN,37.1,45,45,8,3,4,4,0,4,0%,16,12,11,6,55%,7,1.364,19,7,19,21,8,16,7,38,3,18,4,12,2.5,15
210,Zach Duke*\dukeza01,35,SEA,14.2,27,27,3,2,1,0,0,0,,7,5,20,2,10%,7,.976,8,8,11,11,7,9,12,15,2,19,2,9,1.6,9
211,Ryan Dull\dullry01,28,OAK,25.1,28,28,3,0,0,1,0,1,0%,5,4,16,5,31%,8,.634,5,7,15,13,1,14,11,17,5,11,6,6,2.7,15
212,Mike Dunn*\dunnmi01,33,COL,17.0,25,25,6,0,0,0,0,0,,6,5,12,0,0%,7,.600,3,5,17,10,0,15,7,18,0,12,1,4,2.0,14
213,Sam Dyson\dysonsa01,30,SFG,70.1,74,74,16,4,3,8,3,5,38%,23,15,32,9,28%,7,1.190,32,11,31,33,14,27,22,52,6,17,7,18,2.9,13
214,Carl Edwards Jr.\edwarca01,26,CHC,52.0,58,58,2,3,2,2,0,2,0%,25,23,21,8,38%,8,1.475,29,18,11,35,15,8,14,44,5,17,8,11,2.7,16
215,Jon Edwards\edwarjo02,30,CLE,8.2,9,9,0,0,0,0,0,0,,0,0,0,0,,8,.966,3,2,4,0,3,6,0,9,2,2,2,1,2.9,15
216,Jerad Eickhoff\eickhje01,27,PHI,5.1,3,2,1,0,0,0,0,0,,0,0,0,0,,8,.623,0,0,1,0,0,2,0,2,0,0,0,0,3.0,21
217,Roenis Elias*\eliasro01,29,SEA,51.0,23,19,13,2,0,0,0,0,,0,0,4,2,50%,9,.552,1,2,15,1,1,17,3,16,10,2,10,0,5.6,29
218,Nathan Eovaldi\eovalna01,28,TOT,111.0,22,1,0,0,0,0,0,0,,0,0,0,0,,,.904,0,1,0,0,1,0,0,1,1,0,1,0,11.0,73
219,Nathan Eovaldi\eovalna01,28,BOS,54.0,12,1,0,0,0,0,0,0,,0,0,0,0,,3,.975,0,1,0,0,1,0,0,1,1,0,1,0,11.0,73
220,Robbie Erlin*\erlinro01,27,SDP,109.0,39,27,8,1,1,0,0,0,,1,1,22,3,14%,7,.761,2,6,17,3,2,22,12,15,17,4,17,2,5.9,25
221,Phil Ervin\ervinph01,25,CIN,0.1,1,1,1,0,0,0,0,0,,0,0,1,0,0%,8,.000,0,0,0,0,0,1,1,0,0,1,0,0,1.0,3
222,Jeurys Familia\familje01,28,TOT,72.0,70,70,36,8,6,24,18,6,75%,32,7,11,4,36%,,1.651,35,12,21,42,17,11,7,63,8,7,9,16,3.1,17
223,Jeurys Familia\familje01,28,NYM,40.2,40,40,29,4,4,21,17,4,81%,23,1,8,3,38%,9,1.820,22,8,8,24,9,7,5,35,4,3,5,8,3.1,17
224,Jeurys Familia\familje01,28,OAK,31.1,30,30,7,4,2,3,1,2,33%,9,6,3,1,33%,8,1.431,13,4,13,18,8,4,2,28,4,4,4,8,3.1,18
225,Jake Faria\fariaja01,24,TBR,65.0,17,5,1,1,0,0,0,0,,0,0,0,0,,6,.926,0,1,4,3,0,2,0,5,4,1,4,0,7.0,39
226,Buck Farmer\farmebu01,27,DET,69.1,66,65,12,3,4,0,0,0,,10,8,23,6,26%,7,.738,16,11,34,15,8,42,15,50,16,17,20,15,3.1,19
227,Danny Farquhar\farquda01,31,CHW,8.0,8,8,0,1,1,1,0,1,0%,3,2,8,4,50%,6,.893,3,2,3,3,1,4,5,3,3,2,4,1,3.0,15
228,Luke Farrell\farrelu01,27,CHC,31.1,20,18,8,3,2,1,0,1,0%,2,1,8,6,75%,8,.904,7,1,10,6,5,7,4,14,9,3,9,2,4.2,26
229,Michael Feliz\felizmi01,25,PIT,47.2,47,47,7,1,2,2,0,2,0%,14,12,11,5,45%,7,.826,16,4,27,25,6,16,5,42,8,9,8,9,3.0,20
230,Caleb Ferguson*\ferguca01,21,LAD,49.0,29,26,7,7,1,3,2,1,67%,8,5,1,0,0%,7,1.073,6,7,13,13,4,9,1,25,11,5,14,2,4.4,24
231,Jose Fernandez*\fernajo04,25,TOR,10.1,13,13,1,0,0,0,0,0,,3,2,12,2,17%,8,1.151,5,6,2,4,2,7,7,6,3,8,4,2,2.4,13
232,Matt Festa\festama01,25,SEA,8.1,8,7,0,0,0,0,0,0,,1,1,3,1,33%,7,.530,0,2,5,1,0,6,2,5,3,4,3,0,3.1,21
233,Johnny Field\fieldjo04,26,TBR,1.0,1,1,1,0,0,0,0,0,,0,0,0,0,,8,.000,0,0,0,0,0,1,0,1,0,0,0,0,3.0,18
234,Josh Fields\fieldjo03,32,LAD,41.0,45,45,10,2,2,3,2,1,67%,12,8,9,0,0%,8,.815,10,13,21,22,6,17,8,37,3,7,4,11,2.7,13
235,Mike Fiers\fiersmi01,33,TOT,172.0,31,1,0,0,1,0,0,0,,0,0,0,0,,,.909,0,1,0,0,1,0,0,1,1,0,1,0,10.0,53
236,Mike Fiers\fiersmi01,33,OAK,53.0,10,1,0,0,1,0,0,0,,0,0,0,0,,2,.830,0,1,0,0,1,0,0,1,1,0,1,0,10.0,53
237,Heath Fillmyer\fillmhe01,24,KCR,82.1,17,4,2,0,0,0,0,0,,0,0,3,0,0%,5,.914,0,1,3,0,0,4,1,3,4,0,4,0,8.5,45
238,Chris Flexen\flexech01,23,NYM,6.1,4,3,2,0,1,0,0,0,,0,0,3,0,0%,11,.515,1,0,2,0,1,2,2,1,1,1,1,0,3.3,25
239,Pedro Florimon\floripe01,31,PHI,2.0,2,2,2,0,0,0,0,0,,0,0,0,0,,8,.000,0,0,0,0,0,2,0,2,0,0,0,0,3.0,16
240,Dylan Floro\florody01,27,TOT,64.0,54,54,20,6,3,0,0,0,,7,7,20,6,30%,,1.115,18,10,26,14,15,25,12,42,18,15,21,8,3.6,18
241,Dylan Floro\florody01,27,CIN,36.1,25,25,13,3,2,0,0,0,,1,1,8,5,63%,8,.900,7,1,17,4,6,15,5,20,12,4,14,3,4.4,23
242,Dylan Floro\florody01,27,LAD,27.2,29,29,7,3,1,0,0,0,,6,6,12,1,8%,7,1.421,11,9,9,10,9,10,7,22,6,11,7,5,2.9,14
243,Brian Flynn*\flynnbr01,28,KCR,75.2,48,48,10,3,5,2,1,1,50%,7,4,20,7,35%,6,.746,5,15,26,16,4,28,12,36,25,11,26,6,4.7,26
244,Wilmer Font\fontwi01,28,TOT,44.0,19,14,8,0,2,1,0,1,0%,1,0,0,0,,,.790,2,1,10,5,1,8,0,14,8,2,8,2,4.9,36
245,Wilmer Font\fontwi01,28,TOT,33.2,13,8,2,0,0,0,0,0,,0,0,0,0,,,.648,0,1,6,2,0,6,0,8,5,1,5,1,4.8,36
246,Wilmer Font\fontwi01,28,LAD,10.1,6,6,6,0,2,1,0,1,0%,1,0,0,0,,9,1.217,2,0,4,3,1,2,0,6,3,1,3,1,5.2,36
247,Wilmer Font\fontwi01,28,OAK,6.2,4,4,2,0,0,0,0,0,,0,0,0,0,,9,.014,0,0,3,1,0,3,0,4,2,0,2,0,5.0,41
248,Wilmer Font\fontwi01,28,TBR,27.0,9,4,0,0,0,0,0,0,,0,0,0,0,,6,.867,0,1,3,1,0,3,0,4,3,1,3,1,4.5,31
249,Caleb Frare*\frareca01,24,CHW,7.0,11,11,1,0,1,0,0,0,,3,2,8,1,13%,7,1.138,5,0,6,4,2,5,6,5,1,7,1,2,1.9,12
250,Sam Freeman*\freemsa01,31,ATL,50.1,63,63,4,3,5,3,0,3,0%,13,9,44,13,30%,7,.947,19,14,29,25,9,29,24,39,10,33,13,12,2.4,14
251,Max Fried*\friedma01,24,ATL,33.2,14,9,5,0,2,0,0,0,,1,1,0,0,,8,.899,1,2,5,2,2,5,0,9,3,1,3,1,4.0,22
252,Jace Fry*\fryja01,24,CHW,51.1,59,58,12,2,2,5,4,1,80%,23,16,37,9,24%,8,1.200,23,17,17,29,12,17,25,33,11,25,17,11,2.6,15
253,Paul Fry*\frypa01,25,BAL,37.2,35,35,11,1,2,4,2,2,50%,13,9,30,6,20%,8,.973,11,8,13,18,2,15,15,20,11,12,16,5,3.2,18
254,Carson Fulmer\fulmeca01,24,CHW,32.1,9,1,1,0,0,0,0,0,,0,0,0,0,,8,.857,0,0,0,0,0,1,0,1,1,0,1,0,4.0,24
255,Drew Gagnon\gagnodr01,28,NYM,12.0,5,4,0,2,0,0,0,0,,0,0,0,0,,4,.603,0,2,2,1,0,3,0,4,4,0,4,0,5.5,32
256,Yovani Gallardo\gallayo01,32,TOT,94.1,21,3,1,0,0,0,0,0,,0,0,0,0,,,.785,0,0,3,0,0,3,0,3,0,1,0,0,2.3,24
257,Yovani Gallardo\gallayo01,32,CIN,2.1,3,3,1,0,0,0,0,0,,0,0,0,0,,8,.384,0,0,3,0,0,3,0,3,0,1,0,0,2.3,24
258,Giovanny Gallegos\gallegi01,26,TOT,11.1,6,6,4,0,0,1,1,0,100%,1,0,1,0,0%,,.201,0,0,5,2,0,4,1,5,4,1,4,0,5.7,30
259,Giovanny Gallegos\gallegi01,26,NYY,10.0,4,4,2,0,0,1,1,0,100%,1,0,0,0,,7,.225,0,0,4,1,0,3,0,4,4,0,4,0,7.5,39
260,Giovanny Gallegos\gallegi01,26,STL,1.1,2,2,2,0,0,0,0,0,,0,0,1,0,0%,9,.008,0,0,1,1,0,1,1,1,0,1,0,0,2.0,13
261,John Gant\gantjo01,25,STL,114.0,26,7,1,2,0,0,0,0,,0,0,3,1,33%,6,.988,2,3,2,2,2,3,1,6,5,0,5,0,7.1,41
262,Greg Garcia\garcigr01,28,STL,1.0,1,1,1,0,0,0,0,0,,0,0,0,0,,8,.000,0,0,0,0,0,1,0,1,0,0,0,0,3.0,10
263,Jaime Garcia*\garcija02,31,TOT,82.0,33,19,4,1,0,0,0,0,,4,4,3,0,0%,,.902,4,4,11,5,2,12,3,16,4,7,5,3,3.2,15
264,Jaime Garcia*\garcija02,31,TOR,74.1,25,12,3,1,0,0,0,0,,3,3,1,0,0%,7,.882,2,3,7,3,1,8,1,11,3,5,3,2,3.3,17
265,Jaime Garcia*\garcija02,31,CHC,7.2,8,7,1,0,0,0,0,0,,1,1,2,0,0%,9,1.101,2,1,4,2,1,4,2,5,1,2,2,1,3.1,13
266,Jarlin Garcia*\garcija04,25,MIA,66.0,29,22,3,2,2,1,0,1,0%,3,2,14,6,43%,6,.816,7,3,12,5,3,14,7,15,9,9,9,4,4.4,24
267,Luis Garcia\garcilu03,31,PHI,46.0,59,59,7,3,1,4,1,3,25%,18,13,36,7,19%,8,1.293,24,13,21,24,10,25,25,34,6,31,11,18,2.3,13
268,Yimi Garcia\garciyi01,27,LAD,22.1,25,25,3,1,2,1,0,1,0%,5,4,7,3,43%,7,.763,2,7,15,14,2,9,4,21,3,9,4,3,2.7,16
269,Nick Gardewine\gardeni01,24,TEX,5.0,3,3,1,0,0,0,0,0,,0,0,0,0,,5,.158,0,0,3,0,0,3,0,3,2,0,2,1,5.0,27
270,Amir Garrett*\garream01,26,CIN,63.0,66,66,7,1,2,2,0,2,0%,23,21,44,8,18%,7,.897,21,16,29,34,5,27,31,35,13,26,22,13,2.9,15
271,Mitch Garver\garvemi01,27,MIN,1.0,1,1,1,0,0,0,0,0,,0,0,0,0,,8,.000,0,0,0,0,0,1,0,1,0,0,0,0,3.0,14
272,Sam Gaviglio\gavigsa01,28,TOR,123.2,26,2,1,1,0,0,0,0,,0,0,0,0,,10,1.056,1,1,0,0,1,1,0,2,2,0,2,0,6.5,39
273,Cory Gearrin\gearrco01,32,TOT,57.1,62,62,12,2,1,3,1,2,33%,12,9,36,13,36%,,1.007,15,9,36,26,3,33,19,43,6,17,8,10,2.8,15
274,Cory Gearrin\gearrco01,32,TOT,27.1,27,27,4,1,0,0,0,0,,7,7,12,3,25%,,.941,7,4,16,14,1,12,7,20,4,5,4,3,3.0,15
275,Cory Gearrin\gearrco01,32,SFG,30.0,35,35,8,1,1,3,1,2,33%,5,2,24,10,42%,8,1.061,8,5,20,12,2,21,12,23,2,12,4,7,2.6,15
276,Cory Gearrin\gearrco01,32,TEX,21.1,21,21,3,1,0,0,0,0,,7,7,12,3,25%,8,1.106,7,4,10,13,1,7,7,14,4,5,4,3,3.0,15
277,Cory Gearrin\gearrco01,32,OAK,6.0,6,6,1,0,0,0,0,0,,0,0,0,0,,5,.474,0,0,6,1,0,5,0,6,0,0,0,0,3.0,18
278,Domingo German\germado01,25,NYY,85.2,21,7,2,0,1,0,0,0,,0,0,3,0,0%,8,.906,1,2,4,2,1,4,2,5,6,0,6,0,7.4,42
279,Ken Giles\gileske01,27,TOT,50.1,55,55,42,0,3,26,26,0,100%,27,1,6,1,17%,,1.294,21,12,21,42,7,6,5,50,2,9,2,9,2.7,14
280,Ken Giles\gileske01,27,HOU,30.2,34,34,24,0,2,12,12,0,100%,13,1,3,1,33%,9,1.021,11,7,15,24,5,5,3,31,1,6,1,5,2.7,14
281,Ken Giles\gileske01,27,TOR,19.2,21,21,18,0,1,14,14,0,100%,14,0,3,0,0%,9,1.718,10,5,6,18,2,1,2,19,1,3,1,4,2.8,15
282,Sean Gilmartin*\gilmase01,28,BAL,27.0,12,12,2,1,1,0,0,0,,0,0,5,4,80%,5,.409,1,1,9,0,2,10,3,9,10,1,11,0,6.8,38
283,Chris Gimenez\gimench01,35,TOT,2.0,2,2,2,0,0,0,0,0,,0,0,0,0,,,.005,0,0,1,0,0,2,0,2,0,0,0,0,3.0,24
284,Chris Gimenez\gimench01,35,CHC,1.0,1,1,1,0,0,0,0,0,,0,0,0,0,,8,.013,0,0,1,0,0,1,0,1,0,0,0,0,3.0,19
285,Chris Gimenez\gimench01,35,MIN,1.0,1,1,1,0,0,0,0,0,,0,0,0,0,,8,.000,0,0,0,0,0,1,0,1,0,0,0,0,3.0,29
286,Mychal Givens\givenmy01,28,BAL,76.2,69,69,32,0,7,13,9,4,69%,28,15,36,9,25%,8,1.484,29,12,25,36,9,24,20,49,19,12,22,10,3.3,18
287,Tyler Glasnow\glasnty01,24,TOT,111.2,45,34,9,1,2,0,0,0,,4,4,7,1,14%,,.746,3,8,22,8,2,24,4,30,21,4,22,1,4.9,29
288,Tyler Glasnow\glasnty01,24,PIT,56.0,34,34,9,1,2,0,0,0,,4,4,7,1,14%,7,.542,3,8,22,8,2,24,4,30,21,4,22,1,4.9,29
289,Koda Glover\gloveko01,25,WSN,16.1,21,22,6,1,3,1,1,0,100%,6,5,7,0,0%,7,1.536,10,2,9,9,4,9,5,17,0,10,0,3,2.2,13
290,Zack Godley\godleza01,28,ARI,178.1,33,1,0,0,0,0,0,0,,0,0,0,0,,15,1.106,1,0,0,0,1,0,0,1,0,0,0,0,3.0,23
291,Erik Goeddel\goedder01,29,TOT,36.2,31,31,8,3,0,2,0,2,0%,7,5,5,4,80%,,.973,7,8,16,12,6,13,4,27,9,3,9,5,3.5,21
292,Erik Goeddel\goedder01,29,SEA,7.1,5,5,4,2,0,0,0,0,,0,0,2,1,50%,11,1.557,2,1,2,0,2,3,2,3,3,1,3,1,4.4,25
293,Erik Goeddel\goedder01,29,LAD,29.1,26,26,4,1,0,2,0,2,0%,7,5,3,3,100%,7,.839,5,7,14,12,4,10,2,24,6,2,6,4,3.4,20
294,Luiz Gohara*\goharlu01,21,ATL,19.2,9,8,3,0,0,1,1,0,100%,1,0,2,1,50%,6,.542,0,3,5,1,1,6,2,6,7,1,7,0,5.9,28
295,Austin Gomber*\gombeau01,24,STL,75.0,29,18,1,1,0,0,0,0,,7,7,8,4,50%,6,1.066,5,7,5,8,4,6,6,12,5,8,5,3,3.0,16
296,Carlos Gomez\gomezca01,32,TBR,0.1,1,1,0,0,0,0,0,0,,0,0,0,0,,8,.001,0,0,0,0,0,1,0,1,0,1,0,0,1.0,21
297,Jeanmar Gomez\gomezje01,30,CHW,25.0,26,26,5,0,2,2,0,2,0%,8,6,28,14,50%,8,.850,9,7,8,11,4,11,14,12,8,13,10,5,2.9,17
298,Roberto Gomez\gomezro01,28,SFG,9.1,5,5,2,1,0,0,0,0,,0,0,1,0,0%,7,.425,1,0,3,0,1,4,1,4,3,0,4,0,5.6,35
299,Stephen Gonsalves*\gonsast01,23,MIN,24.2,7,3,0,2,0,0,0,0,,0,0,0,0,,2,1.028,0,3,0,2,0,1,0,3,3,0,3,0,12.3,74
300,Merandy Gonzalez\gonzame01,22,MIA,22.0,8,7,3,2,0,0,0,0,,0,0,3,0,0%,5,.411,1,1,3,2,0,5,2,5,6,0,6,0,7.4,49
301,Nick Goody\goodyni01,26,CLE,11.2,12,12,1,0,2,1,0,1,0%,3,2,3,1,33%,8,1.212,6,1,5,5,4,3,3,9,3,3,4,3,2.9,17
302,Trevor Gott\gotttr01,25,WSN,19.0,20,20,5,0,2,0,0,0,,2,2,8,0,0%,7,.629,2,4,13,8,3,9,5,15,3,8,3,3,2.9,15
303,Matt Grace*\gracema02,29,WSN,59.2,56,56,12,1,1,0,0,0,,8,8,25,5,20%,7,.686,9,17,28,20,7,29,15,41,15,19,16,14,3.2,15
304,Brett Graves\gravebr01,25,MIA,33.1,21,21,16,1,1,1,1,0,100%,1,0,2,0,0%,8,.550,3,1,14,2,2,17,1,20,10,1,10,0,4.8,25
305,Sonny Gray\grayso01,28,NYY,130.1,30,7,2,2,0,1,0,1,0%,1,0,0,0,,5,.931,1,1,5,4,1,2,0,7,6,0,7,0,7.4,45
306,Chad Green\greench03,27,NYY,75.2,63,63,3,8,3,4,0,4,0%,17,13,31,11,35%,7,1.244,25,20,17,27,18,18,21,42,20,7,22,9,3.6,20
307,Shane Greene\greensh02,29,DET,63.1,66,66,58,4,6,38,32,6,84%,38,0,5,2,40%,9,1.513,40,8,17,49,10,7,4,62,3,5,3,18,2.9,16
308,Luke Gregerson\gregelu01,34,STL,12.2,17,17,4,0,0,0,0,0,,2,2,10,1,10%,7,.725,3,5,9,4,3,10,7,10,1,10,1,4,2.2,12
309,Justin Grimm\grimmju01,29,TOT,17.1,21,21,5,1,3,2,0,2,0%,6,3,8,4,50%,,1.236,7,3,10,8,3,10,5,16,1,6,1,5,2.5,15
310,Justin Grimm\grimmju01,29,KCR,12.2,16,16,3,1,3,2,0,2,0%,6,3,4,1,25%,8,1.510,7,3,6,6,3,7,3,13,1,5,1,4,2.4,16
311,Justin Grimm\grimmju01,29,SEA,4.2,5,5,2,0,0,0,0,0,,0,0,4,3,75%,8,.089,0,0,4,2,0,3,2,3,0,1,0,1,2.8,11
312,Robert Gsellman\gsellro01,24,NYM,80.0,68,68,24,6,3,20,13,7,65%,36,15,28,9,32%,8,1.334,24,24,18,41,11,16,16,52,21,13,23,8,3.5,19
313,Reymin Guduan*\guduare01,26,HOU,3.1,3,3,2,0,0,0,0,0,,0,0,0,0,,8,.133,0,0,3,1,0,2,0,3,1,1,1,0,3.3,13
314,Javy Guerra\guerrja01,32,MIA,35.2,32,32,12,1,1,1,1,0,100%,2,1,20,5,25%,8,.595,7,4,20,4,4,24,11,21,10,6,10,10,3.3,18
315,Junior Guerra\guerrju02,33,MIL,141.0,31,5,1,0,0,0,0,0,,1,1,4,0,0%,6,.981,1,2,2,2,0,3,2,3,2,2,2,0,3.6,14
316,Tayron Guerrero\guerrta01,27,MIA,58.0,60,60,11,1,3,4,0,4,0%,14,10,7,5,71%,7,.984,17,11,31,19,11,30,5,55,6,9,6,9,2.9,19
317,Taylor Guerrieri\guerrta02,25,TOR,9.2,9,9,5,0,0,0,0,0,,0,0,8,4,50%,9,.139,0,0,9,0,0,9,4,5,3,2,4,1,3.2,19
318,Preston Guilmet\guilmpr01,30,TOT,10.0,8,8,2,0,1,0,0,0,,0,0,3,0,0%,,.311,0,1,7,0,1,7,1,7,4,0,4,1,3.8,24
319,Preston Guilmet\guilmpr01,30,STL,2.0,2,2,0,0,1,0,0,0,,0,0,0,0,,7,.684,0,1,1,0,1,1,0,2,0,0,0,1,3.0,25
320,Preston Guilmet\guilmpr01,30,TOR,8.0,6,6,2,0,0,0,0,0,,0,0,3,0,0%,7,.187,0,0,6,0,0,6,1,5,4,0,4,0,4.0,24
321,Brandon Guyer\guyerbr01,32,CLE,1.0,1,1,1,0,0,0,0,0,,0,0,0,0,,9,.010,0,0,1,0,0,1,0,1,0,0,0,0,3.0,8
322,Jedd Gyorko\gyorkje01,29,STL,1.0,1,1,1,0,0,0,0,0,,0,0,0,0,,9,.000,0,0,0,0,0,1,0,1,0,0,0,0,3.0,16
323,Josh Hader*\haderjo01,24,MIL,81.1,55,55,14,6,1,17,12,5,71%,39,21,23,6,26%,7,1.592,28,22,5,43,8,4,14,41,33,8,36,5,4.4,24
324,David Hale\haleda02,30,TOT,13.2,4,4,1,0,0,0,0,0,,0,0,1,0,0%,,.453,0,2,2,1,0,3,1,3,4,0,4,0,10.3,57
325,David Hale\haleda02,30,NYY,10.2,3,3,1,0,0,0,0,0,,0,0,0,0,,8,.364,0,1,2,1,0,2,0,3,3,0,3,0,10.7,56
326,David Hale\haleda02,30,MIN,3.0,1,1,0,0,0,0,0,0,,0,0,1,0,0%,6,.708,0,1,0,0,0,1,1,0,1,0,1,0,9.0,57
327,Justin Haley\haleyju01,27,BOS,7.2,4,4,3,0,0,0,0,0,,0,0,0,0,,9,.119,0,0,4,2,0,2,0,4,3,0,3,0,5.8,32
328,Matt Hall*\hallma02,24,DET,8.0,5,5,2,0,0,0,0,0,,0,0,1,0,0%,8,.300,0,0,4,0,0,5,1,4,3,0,4,0,4.8,40
329,Ian Hamilton\hamilia01,23,CHW,8.0,10,10,3,1,2,1,0,1,0%,2,1,5,5,100%,8,1.837,6,0,4,3,4,3,2,8,1,4,1,2,2.4,12
330,Jason Hammel\hammeja01,35,KCR,127.0,39,21,14,2,3,2,0,2,0%,3,1,6,4,67%,8,1.001,8,2,11,9,5,7,4,17,6,3,6,0,3.5,19
331,Justin Hancock\hancoju01,27,CHC,12.1,10,10,6,0,0,0,0,0,,0,0,3,1,33%,8,.409,1,0,9,4,1,5,1,9,3,3,3,0,3.7,21
332,Brad Hand*\handbr01,28,TOT,72.0,69,69,42,2,5,39,32,7,82%,49,10,23,2,9%,,2.034,36,16,16,55,9,5,15,54,16,13,17,17,3.1,18
333,Brad Hand*\handbr01,28,SDP,44.1,41,41,31,2,4,29,24,5,83%,32,3,15,0,0%,9,2.231,23,8,10,33,6,2,8,33,10,6,10,9,3.2,18
334,Brad Hand*\handbr01,28,CLE,27.2,28,28,11,0,1,10,8,2,80%,17,7,8,2,25%,8,1.716,13,8,6,22,3,3,7,21,6,7,7,8,3.0,16
335,Eric Hanhold\hanhoer01,24,NYM,2.1,3,3,0,0,0,0,0,0,,1,0,0,0,,6,1.286,0,3,0,1,1,1,0,3,1,1,1,0,2.3,20
336,Ian Happ\happia01,23,CHC,1.0,1,1,1,0,0,0,0,0,,0,0,0,0,,9,.000,0,0,0,0,0,1,0,1,0,0,0,0,3.0,8
337,Blaine Hardy*\hardybl01,31,DET,86.0,30,17,5,0,1,1,1,0,100%,3,2,10,2,20%,8,.983,5,3,8,5,3,9,7,10,6,4,6,3,3.2,18
338,Will Harris\harriwi10,33,HOU,56.2,61,61,11,5,3,3,0,3,0%,20,16,23,8,35%,8,.866,12,22,26,32,5,24,17,44,9,18,11,9,2.8,15
339,Donnie Hart*\hartdo01,27,BAL,19.1,20,20,3,0,0,0,0,0,,2,2,20,13,65%,8,.542,5,2,11,4,3,13,11,9,7,7,10,3,2.9,19
340,Matt Harvey\harvema01,29,TOT,155.0,32,4,2,0,0,0,0,0,,0,0,2,0,0%,,.889,0,1,2,2,1,1,1,3,2,0,2,0,4.5,26
341,Matt Harvey\harvema01,29,NYM,27.0,8,4,2,0,0,0,0,0,,0,0,2,0,0%,9,.742,0,1,2,2,1,1,1,3,2,0,2,0,4.5,26
342,Chris Hatcher\hatchch02,33,OAK,36.1,34,34,14,3,3,2,0,2,0%,3,1,9,5,56%,8,.740,8,3,21,9,6,19,5,29,7,8,9,2,3.2,19
343,Mike Hauschild\hauscmi01,28,TOR,8.1,2,1,0,1,0,0,0,0,,0,0,0,0,,2,1.227,0,1,0,0,1,0,0,1,1,0,1,0,18.0,89
344,Heath Hembree\hembrhe01,29,BOS,60.0,67,67,10,4,1,3,0,3,0%,24,20,41,13,32%,7,1.095,27,14,24,40,11,16,26,41,11,25,14,12,2.7,16
345,Liam Hendriks\hendrli01,29,OAK,24.0,25,17,1,0,0,0,0,0,,1,1,11,4,36%,6,.599,2,1,14,5,1,11,6,11,4,8,4,3,2.7,17
346,David Hernandez\hernada01,33,CIN,64.0,57,57,6,5,2,6,0,6,0%,22,15,28,3,11%,7,1.159,21,15,21,30,9,18,17,40,16,10,22,9,3.4,17
347,Elieser Hernandez\hernael01,23,MIA,65.2,32,26,6,2,2,0,0,0,,2,2,9,3,33%,7,.898,5,7,14,3,5,18,6,20,11,3,11,5,4.7,26
348,Enrique Hernandez\hernaen02,26,LAD,0.1,1,1,1,0,1,0,0,0,,0,0,0,0,,16,2.813,1,0,0,0,1,0,0,1,0,1,0,0,1.0,15
349,Felix Hernandez\hernafe02,32,SEA,155.2,29,1,0,0,1,0,0,0,,0,0,1,0,0%,1,.915,0,1,0,0,1,0,1,0,1,0,1,0,17.0,87
350,Kelvin Herrera\herreke01,28,TOT,44.1,48,48,32,2,3,19,17,2,89%,21,2,8,2,25%,,1.405,23,9,14,30,9,9,5,43,1,8,1,10,2.8,15
351,Kelvin Herrera\herreke01,28,KCR,25.2,27,27,21,1,1,16,14,2,88%,16,0,3,0,0%,9,1.686,15,5,6,18,4,5,2,25,0,3,0,6,2.9,13
352,Kelvin Herrera\herreke01,28,WSN,18.2,21,21,11,1,2,3,3,0,100%,5,2,5,2,40%,9,1.106,8,4,8,12,5,4,3,18,1,5,1,4,2.7,16
353,David Hess\hessda01,24,BAL,103.1,21,2,1,0,0,0,0,0,,0,0,0,0,,9,.942,0,1,1,1,0,1,0,2,1,0,1,0,4.5,30
354,Jordan Hicks\hicksjo03,21,STL,77.2,73,73,20,3,4,13,6,7,46%,38,24,34,10,29%,8,1.615,35,24,14,47,13,13,21,52,17,13,19,15,3.2,17
355,Trevor Hildenberger\hildetr01,27,MIN,73.0,73,73,20,4,6,11,7,4,64%,30,17,25,14,56%,8,1.513,27,24,22,40,14,19,16,57,15,16,17,14,3.0,16
356,Rich Hill*\hillri01,38,LAD,132.2,25,2,0,0,0,0,0,0,,0,0,0,0,,8,.893,0,1,0,0,0,1,0,1,0,1,0,0,1.5,26
357,Tim Hill*\hillti01,28,KCR,45.2,70,70,9,1,4,4,2,2,50%,18,13,51,15,29%,7,1.194,32,9,29,29,12,29,33,37,3,45,8,14,2.0,11
358,Yoshihisa Hirano\hiranyo01,34,ARI,66.1,75,75,10,4,3,7,3,4,43%,39,32,30,5,17%,7,1.592,39,19,16,52,16,7,19,56,5,20,8,20,2.7,15
359,Jeff Hoffman\hoffmje02,25,COL,8.2,6,5,1,0,0,0,0,0,,1,1,2,1,50%,9,.861,0,2,3,2,0,3,1,4,1,3,1,0,3.2,21
360,Bryan Holaday\holadbr01,30,MIA,2.0,2,2,2,0,0,0,0,0,,0,0,0,0,,8,.000,0,0,0,0,0,2,0,2,0,0,0,0,3.0,16
361,Jonathan Holder\holdejo02,25,NYY,66.0,60,59,14,1,3,0,0,0,,7,7,29,10,34%,6,.983,14,18,26,24,9,26,19,40,15,15,16,8,3.3,17
362,Derek Holland*\hollade01,31,SFG,171.1,36,6,1,0,0,0,0,0,,0,0,1,0,0%,6,.957,1,1,3,1,1,4,1,5,3,2,3,1,4.8,26
363,Greg Holland\hollagr01,32,TOT,46.1,56,56,13,2,2,6,3,3,50%,12,6,13,5,38%,,1.172,18,5,30,26,9,21,8,48,1,18,2,11,2.5,15
364,Greg Holland\hollagr01,32,STL,25.0,32,32,7,0,2,3,0,3,0%,5,2,3,1,33%,8,.976,9,2,18,15,5,12,2,30,0,10,1,6,2.3,16
365,Greg Holland\hollagr01,32,WSN,21.1,24,24,6,2,0,3,3,0,100%,7,4,10,4,40%,8,1.495,9,3,12,11,4,9,6,18,1,8,1,5,2.7,13
366,Clay Holmes\holmecl01,25,PIT,26.1,11,7,6,0,1,1,0,1,0%,1,0,0,0,,8,.846,1,0,4,2,0,5,0,7,5,2,5,0,4.9,32
367,J.J. Hoover\hoovejj01,30,MIL,1.1,2,2,2,0,1,1,0,1,0%,1,0,2,0,0%,10,2.857,1,0,1,1,0,1,1,1,0,1,1,0,2.0,21
368,Adrian Houser\housead01,25,MIL,13.2,7,7,5,0,0,0,0,0,,0,0,2,1,50%,8,.248,0,2,3,1,0,6,1,6,6,0,6,0,5.9,32
369,Sam Howard*\howarsa01,25,COL,4.0,4,4,4,0,0,0,0,0,,0,0,0,0,,9,.006,0,0,2,1,0,3,0,4,0,0,0,0,3.0,22
370,James Hoyt\hoytja01,31,HOU,0.1,1,1,0,0,0,0,0,0,,0,0,0,0,,4,.337,0,0,1,0,0,1,0,1,0,1,1,0,1.0,15
371,Chih-Wei Hu\huch02,24,TBR,13.0,5,5,3,0,0,0,0,0,,0,0,3,0,0%,7,.163,0,1,3,1,0,4,2,3,4,0,4,0,7.8,39
372,Dakota Hudson\hudsoda02,23,STL,27.1,26,26,2,4,1,0,0,0,,11,11,20,11,55%,7,1.448,13,9,4,16,6,4,11,15,7,9,8,4,3.2,17
373,Daniel Hudson\hudsoda01,31,LAD,46.0,40,39,11,3,2,1,0,1,0%,7,3,17,4,24%,8,.747,10,11,18,12,6,21,9,30,14,10,15,8,3.5,19
374,Jared Hughes\hugheja02,32,CIN,78.2,72,72,23,4,3,11,7,4,64%,28,15,40,10,25%,8,1.346,29,17,23,33,13,26,26,46,16,13,21,18,3.3,16
375,Phil Hughes\hugheph01,32,TOT,32.2,23,21,14,0,0,0,0,0,,0,0,0,0,,,.312,1,0,18,5,1,15,0,21,4,1,4,3,3.7,21
376,Phil Hughes\hugheph01,32,MIN,12.0,7,5,4,0,0,0,0,0,,0,0,0,0,,9,.639,0,0,5,2,0,3,0,5,0,0,0,0,3.0,14
377,Phil Hughes\hugheph01,32,SDP,20.2,16,16,10,0,0,0,0,0,,0,0,0,0,,9,.127,1,0,13,3,1,12,0,16,4,1,4,3,3.9,23
378,Tommy Hunter\hunteto02,31,PHI,64.0,65,65,10,5,4,6,4,2,67%,33,26,22,4,18%,8,1.345,29,19,17,36,14,15,15,50,12,21,15,13,3.0,15
379,Drew Hutchison\hutchdr01,27,TOT,42.2,16,11,6,1,1,0,0,0,,0,0,4,2,50%,,.700,1,2,7,2,3,6,3,8,6,2,6,0,5.8,33
380,Drew Hutchison\hutchdr01,27,PHI,21.1,11,11,6,1,1,0,0,0,,0,0,4,2,50%,10,.524,1,2,7,2,3,6,3,8,6,2,6,0,5.8,33
381,Raisel Iglesias\iglesra01,28,CIN,72.0,66,66,57,2,5,34,30,4,88%,34,0,24,8,33%,9,1.285,26,15,24,40,10,16,16,50,16,6,17,18,3.3,17
382,Gregory Infante\infangr01,30,CHW,9.0,10,10,1,1,1,0,0,0,,0,0,8,1,13%,7,.751,2,2,6,1,3,6,5,5,1,4,2,2,2.7,15
383,Luke Jackson\jackslu01,26,ATL,40.2,35,35,11,1,2,2,1,1,50%,5,3,19,5,26%,8,.637,6,7,21,10,3,22,11,24,9,9,9,6,3.5,20
384,Josh James\jamesjo02,25,HOU,23.0,6,3,0,0,0,0,0,0,,2,2,0,0,,6,.969,0,2,1,2,0,1,0,3,3,0,3,0,7.7,35
385,Kenley Jansen\janseke01,30,LAD,71.2,69,69,59,1,5,42,38,4,90%,42,0,12,3,25%,9,1.565,32,19,18,51,10,8,7,62,7,4,7,21,3.1,17
386,Jeremy Jeffress\jeffrje01,30,MIL,76.2,73,73,24,8,1,20,15,5,75%,38,18,38,8,21%,8,1.721,41,18,14,47,18,8,23,50,18,12,19,21,3.2,17
387,Dan Jennings*\jennida01,31,MIL,64.1,72,71,11,4,5,3,1,2,33%,14,11,44,14,32%,7,.763,20,16,35,27,14,30,29,42,16,28,20,17,2.7,15
388,Kevin Jepsen\jepseke01,33,TEX,16.2,21,21,3,0,3,0,0,0,,3,3,15,6,40%,8,.937,10,1,10,7,6,8,8,13,2,12,3,5,2.4,15
389,Williams Jerez*\jerezwi01,26,LAA,15.0,17,17,1,0,0,1,0,1,0%,5,4,7,4,57%,8,.572,2,4,10,9,0,8,3,14,1,5,1,1,2.6,17
390,Jake Jewell\jewelja01,25,LAA,2.0,3,3,1,0,1,0,0,0,,0,0,0,0,,8,.891,1,0,2,0,1,2,0,3,0,2,0,1,2.0,17
391,Joe Jimenez\jimenjo02,23,DET,62.2,68,68,17,5,4,7,3,4,43%,30,23,16,6,38%,8,1.521,26,17,23,42,11,15,9,59,2,14,6,16,2.8,17
392,Brian Johnson*\johnsbr02,27,BOS,99.1,38,25,10,0,2,1,0,1,0%,3,1,13,1,8%,9,.756,5,3,16,8,3,14,9,16,11,7,12,3,4.6,28
393,DJ Johnson\johnsdj01,28,COL,6.1,7,7,3,1,0,0,0,0,,0,0,4,0,0%,8,.339,1,0,6,1,0,6,3,4,2,4,2,1,2.7,15
394,Jim Johnson\johnsji04,35,LAA,63.1,62,61,14,5,3,5,2,3,40%,13,8,28,9,32%,7,.917,8,19,33,23,6,32,18,43,11,13,17,11,3.0,16
395,Pierce Johnson\johnspi01,27,SFG,43.2,37,37,7,3,2,0,0,0,,1,1,17,7,41%,6,.549,5,3,27,9,4,24,12,25,13,7,14,4,3.5,22
396,Nate Jones\jonesna01,32,CHW,30.0,33,33,15,2,2,8,5,3,63%,14,6,8,4,50%,8,1.533,12,5,14,20,2,11,5,28,4,8,4,5,2.7,16
397,Ariel Jurado\juradar01,22,TEX,54.2,12,4,0,2,1,0,0,0,,0,0,0,0,,2,.935,0,4,0,3,1,0,0,4,3,1,3,0,10.3,62
398,Tommy Kahnle\kahnlto01,28,NYY,23.1,24,24,7,2,0,2,1,1,50%,4,2,12,8,67%,6,.830,3,6,15,8,1,15,8,16,5,9,5,2,2.9,20
399,Keone Kela\kelake01,25,TOT,52.0,54,54,36,3,4,26,24,2,92%,30,4,10,4,40%,,1.687,26,14,14,37,10,7,5,49,2,6,2,10,2.9,16
400,Keone Kela\kelake01,25,TEX,36.2,38,38,31,3,3,25,24,1,96%,25,0,10,4,40%,9,1.889,19,12,7,29,8,1,5,33,2,5,2,6,2.9,17
401,Keone Kela\kelake01,25,PIT,15.1,16,16,5,0,1,1,0,1,0%,5,4,0,0,,8,1.174,7,2,7,8,2,6,0,16,0,1,0,4,2.9,14
402,Brad Keller\kellebr01,22,KCR,140.1,41,21,2,1,1,2,0,2,0%,7,5,13,8,62%,8,1.089,8,7,6,7,5,9,8,13,5,6,5,5,3.2,17
403,Shawn Kelley\kellesh01,34,TOT,49.0,54,54,15,2,0,2,0,2,0%,6,4,22,4,18%,,.719,9,15,28,14,6,34,13,41,5,16,5,12,2.7,13
404,Shawn Kelley\kellesh01,34,WSN,32.1,35,35,12,1,0,1,0,1,0%,2,1,6,1,17%,8,.502,5,7,21,7,4,24,5,30,3,9,3,8,2.8,14
405,Shawn Kelley\kellesh01,34,OAK,16.2,19,19,3,1,0,1,0,1,0%,4,3,16,3,19%,6,1.167,4,8,7,7,2,10,8,11,2,7,2,4,2.6,13
406,Casey Kelly\kellyca01,28,SFG,23.2,7,4,4,0,1,0,0,0,,0,0,0,0,,8,.811,1,0,3,0,1,3,0,4,2,0,2,0,6.3,30
407,Joe Kelly\kellyjo05,30,BOS,65.2,73,73,9,4,2,7,2,5,29%,28,21,28,9,32%,8,1.327,27,17,28,48,12,13,12,61,6,19,6,18,2.7,16
408,Dean Kiekhefer*\kiekhde01,29,OAK,2.0,4,4,0,0,0,0,0,0,,0,0,2,1,50%,9,.373,0,1,2,1,1,2,1,3,0,3,0,0,1.5,11
409,Craig Kimbrel\kimbrcr01,30,BOS,62.1,63,63,57,5,1,47,42,5,89%,47,0,16,5,31%,9,1.960,38,15,9,55,6,2,9,54,5,5,5,15,3.0,18
410,Scott Kingery\kingesc01,24,PHI,1.1,1,1,1,0,0,0,0,0,,0,0,2,1,50%,8,.000,0,0,0,0,0,1,1,0,1,0,1,0,4.0,16
411,Nick Kingham\kinghni01,26,PIT,76.0,18,3,1,0,0,0,0,0,,0,0,0,0,,8,.864,0,0,3,1,0,2,0,3,2,0,2,0,5.0,30
412,Tyler Kinley\kinlety01,27,TOT,11.0,13,13,4,0,0,0,0,0,,0,0,1,0,0%,,.370,0,4,8,2,0,11,1,12,0,3,0,1,2.5,18
413,Tyler Kinley\kinlety01,27,MIN,3.1,4,4,3,0,0,0,0,0,,0,0,0,0,,9,.007,0,0,3,0,0,4,0,4,0,1,0,0,2.5,26
414,Tyler Kinley\kinlety01,27,MIA,7.2,9,9,1,0,0,0,0,0,,0,0,1,0,0%,6,.615,0,4,5,2,0,7,1,8,0,2,0,1,2.6,14
415,Brandon Kintzler\kintzbr01,33,TOT,60.2,70,70,15,3,3,5,2,3,40%,25,19,21,7,33%,,1.116,28,20,22,34,14,22,12,58,4,21,5,20,2.6,14
416,Brandon Kintzler\kintzbr01,33,WSN,42.2,45,45,8,1,2,5,2,3,40%,20,15,5,1,20%,7,1.274,19,16,10,23,10,12,3,42,1,6,2,13,2.8,14
417,Brandon Kintzler\kintzbr01,33,CHC,18.0,25,25,7,2,1,0,0,0,,5,4,16,6,38%,8,.803,9,4,12,11,4,10,9,16,3,15,3,7,2.2,13
418,Andrew Kittredge\kittran01,28,TBR,38.1,33,30,4,3,1,0,0,0,,3,3,18,7,39%,8,.758,4,9,16,13,4,13,10,20,8,13,11,7,3.1,17
419,Corey Knebel\knebeco01,26,MIL,55.1,57,57,29,4,3,19,16,3,84%,27,7,11,1,9%,9,1.549,25,13,19,39,9,9,8,49,7,9,7,14,2.9,17
420,Matt Koch\kochma01,27,ARI,86.2,19,5,4,0,0,0,0,0,,0,0,3,2,67%,8,.875,0,0,5,1,0,4,2,3,3,0,3,0,5.8,24
421,Adam Kolarek*\kolarad01,29,TBR,34.1,31,31,5,1,0,5,2,3,40%,16,11,16,4,25%,7,1.066,8,13,10,21,3,7,8,23,12,11,13,12,3.3,16
422,George Kontos\kontoge01,33,TOT,26.2,28,28,10,2,3,2,1,1,50%,7,5,2,0,0%,,1.000,11,3,11,14,7,7,2,26,1,3,1,7,2.9,16
423,George Kontos\kontoge01,33,TOT,7.0,7,7,4,0,0,0,0,0,,0,0,2,0,0%,,.095,0,0,4,3,0,4,2,5,1,1,1,1,3.0,16
424,George Kontos\kontoge01,33,PIT,19.2,21,21,6,2,3,2,1,1,50%,7,5,0,0,,8,1.274,11,3,7,11,7,3,0,21,0,2,0,6,2.8,16
425,George Kontos\kontoge01,33,CLE,5.1,6,6,4,0,0,0,0,0,,0,0,1,0,0%,8,.048,0,0,3,3,0,3,1,5,0,1,0,1,2.7,14
426,George Kontos\kontoge01,33,NYY,1.2,1,1,0,0,0,0,0,0,,0,0,1,0,0%,7,.258,0,0,1,0,0,1,1,0,1,0,1,0,5.0,25
427,Erik Kratz\kratzer01,38,MIL,3.0,3,3,3,0,0,0,0,0,,0,0,0,0,,8,.001,0,0,0,0,0,3,0,3,0,0,0,0,3.0,15
428,Joey Krehbiel\krehbjo01,25,ARI,3.0,2,2,1,0,0,0,0,0,,0,0,2,0,0%,8,.148,0,0,2,0,0,2,1,1,2,0,2,0,4.5,25
429,Ian Krol*\krolia01,27,LAA,2.0,1,1,0,0,0,0,0,0,,0,0,0,0,,5,.453,0,0,1,0,0,1,0,1,1,0,1,0,6.0,31
430,Tommy La Stella\lasteto01,29,CHC,1.1,1,1,0,0,0,0,0,0,,0,0,0,0,,6,.000,0,0,0,0,0,1,0,1,1,0,1,0,4.0,24
431,Ryan LaMarre*\lamarry01,29,MIN,0.2,1,1,1,0,0,0,0,0,,0,0,1,1,100%,8,.000,0,0,0,0,0,1,1,0,0,1,0,0,2.0,5
432,Derek Law\lawde01,27,SFG,13.1,7,7,4,1,0,0,0,0,,0,0,8,5,63%,8,.308,1,1,5,1,1,5,4,3,6,0,6,0,5.7,37
433,Casey Lawrence\lawreca01,30,SEA,23.1,11,11,5,1,0,0,0,0,,0,0,8,3,38%,8,.280,0,2,9,1,0,10,4,7,8,1,8,1,6.4,36
434,Wade LeBlanc*\leblawa01,33,SEA,162.0,32,5,5,0,0,0,0,0,,0,0,2,1,50%,8,.827,0,1,4,0,0,5,2,3,5,0,5,0,8.2,42
435,Jose Leclerc\leclejo01,24,TEX,57.2,59,59,21,2,3,16,12,4,75%,31,15,36,8,22%,8,1.438,34,13,12,38,9,12,20,39,8,14,8,13,2.9,16
436,Mark Leiter Jr.\leitema02,27,TOT,23.1,20,20,4,0,1,0,0,0,,1,1,5,5,100%,,.521,4,2,14,3,2,15,4,16,6,6,7,2,3.5,23
437,Mark Leiter Jr.\leitema02,27,PHI,16.2,12,12,2,0,1,0,0,0,,0,0,3,3,100%,8,.362,2,1,9,2,2,8,3,9,6,4,6,1,4.2,26
438,Mark Leiter Jr.\leitema02,27,TOR,6.2,8,8,2,0,0,0,0,0,,1,1,2,2,100%,9,.865,2,1,5,1,0,7,1,7,0,2,1,1,2.5,19
439,Dominic Leone\leonedo01,26,STL,24.0,29,30,8,1,2,2,0,2,0%,7,5,17,6,35%,8,1.183,10,7,13,12,6,12,12,18,4,12,4,6,2.4,13
440,Artie Lewicki\lewicar01,26,DET,38.2,13,10,6,0,0,0,0,0,,1,1,6,1,17%,8,.506,1,1,8,1,0,9,3,7,7,1,7,1,7.6,42
441,Adam Liberatore*\liberad01,31,LAD,13.0,17,17,4,2,1,1,0,1,0%,2,1,15,1,7%,7,.866,5,3,9,6,2,9,8,9,3,9,5,3,2.3,13
442,Francisco Liriano*\liriafr01,34,DET,133.2,27,1,0,0,0,0,0,0,,0,0,0,0,,4,.964,0,0,1,0,0,1,0,1,1,0,1,0,6.0,30
443,Zack Littell\litteza01,22,MIN,20.1,8,6,1,0,1,0,0,0,,0,0,0,0,,5,.848,1,2,3,2,1,3,0,6,4,1,4,0,6.7,45
444,Ben Lively\livelbe01,26,TOT,30.1,10,5,1,0,1,0,0,0,,0,0,0,0,,,1.244,1,3,1,0,2,3,0,5,2,1,2,0,4.0,24
445,Ben Lively\livelbe01,26,KCR,6.2,5,5,1,0,1,0,0,0,,0,0,0,0,,6,1.387,1,3,1,0,2,3,0,5,2,1,2,0,4.0,24
446,Jonathan Loaisiga\loaisjo01,23,NYY,24.2,9,5,2,0,0,0,0,0,,0,0,0,0,,7,.942,0,0,4,2,0,3,0,5,3,1,3,0,4.0,29
447,Walker Lockett\lockewa01,24,SDP,15.0,4,1,1,0,0,0,0,0,,0,0,0,0,,8,.643,0,0,1,0,0,1,0,1,1,0,1,0,6.0,38
448,Boone Logan*\loganbo02,33,MIL,10.2,16,16,4,1,0,0,0,0,,1,0,7,5,71%,8,.792,2,4,8,6,3,7,6,10,0,8,0,4,2.0,14
449,Jorge Lopez\lopezjo02,25,TOT,53.2,17,10,8,0,1,0,0,0,,0,0,3,1,33%,,.807,1,1,8,1,1,8,2,8,8,1,8,1,5.9,31
450,Jorge Lopez\lopezjo02,25,MIL,19.2,10,10,8,0,1,0,0,0,,0,0,3,1,33%,8,.409,1,1,8,1,1,8,2,8,8,1,8,1,5.9,31
451,Yoan Lopez\lopezyo01,25,ARI,9.0,10,10,5,0,0,0,0,0,,1,1,3,0,0%,8,.799,3,0,5,1,2,7,2,8,2,2,2,1,2.7,13
452,Michael Lorenzen\lorenmi01,26,CIN,81.0,45,42,10,3,1,2,1,1,50%,10,8,24,9,38%,6,.857,6,16,19,19,3,20,16,26,20,6,26,8,4.8,26
453,Aaron Loup*\loupaa01,30,TOT,39.2,59,59,8,0,0,0,0,0,,13,11,23,9,39%,,.484,8,12,38,25,2,32,17,42,5,37,5,16,2.0,12
454,Aaron Loup*\loupaa01,30,TOR,35.2,50,50,7,0,0,0,0,0,,10,9,20,8,40%,8,.463,6,11,32,20,2,28,14,36,5,30,5,15,2.1,13
455,Aaron Loup*\loupaa01,30,PHI,4.0,9,9,1,0,0,0,0,0,,3,2,3,1,33%,8,.686,2,1,6,5,0,4,3,6,0,7,0,1,1.3,8
456,Josh Lucas\lucasjo02,27,OAK,14.1,8,7,4,0,0,0,0,0,,0,0,4,4,100%,9,.474,0,1,3,3,1,3,2,5,3,1,3,0,5.3,28
457,Seth Lugo\lugose01,28,NYM,101.1,54,49,13,2,2,4,3,1,75%,15,11,9,2,22%,8,1.127,17,13,18,29,11,9,6,43,27,2,27,3,4.8,24
458,Jordan Lyles\lylesjo01,27,TOT,87.2,35,28,10,1,0,0,0,0,,2,2,16,4,25%,,.710,2,7,18,7,2,18,8,19,15,4,16,1,4.4,24
459,Jordan Lyles\lylesjo01,27,SDP,71.1,24,17,5,0,0,0,0,0,,2,2,8,0,0%,6,.743,0,5,11,4,0,12,4,12,9,2,10,1,4.3,24
460,Jordan Lyles\lylesjo01,27,MIL,16.1,11,11,5,1,0,0,0,0,,0,0,8,4,50%,8,.568,2,2,7,3,2,6,4,7,6,2,6,0,4.5,24
461,Lance Lynn\lynnla01,31,TOT,156.2,31,2,0,1,0,0,0,0,,0,0,2,1,50%,,1.061,0,1,1,0,1,1,1,1,2,0,2,0,11.0,61
462,Lance Lynn\lynnla01,31,NYY,54.1,11,2,0,1,0,0,0,0,,0,0,2,1,50%,3,1.072,0,1,1,0,1,1,1,1,2,0,2,0,11.0,61
463,Tyler Lyons*\lyonsty01,30,STL,16.2,27,27,2,1,0,2,0,2,0%,11,9,19,5,26%,7,1.129,9,9,9,12,4,11,12,15,1,18,4,8,1.9,11
464,Ryan Madson\madsory01,37,TOT,52.2,58,58,11,2,5,8,4,4,50%,22,14,14,4,29%,,1.506,24,17,17,29,14,15,9,49,3,14,3,13,2.7,14
465,Ryan Madson\madsory01,37,WSN,44.1,49,49,10,2,5,7,4,3,57%,21,14,12,3,25%,8,1.660,23,15,11,27,13,9,8,41,2,11,2,11,2.7,14
466,Ryan Madson\madsory01,37,LAD,8.1,9,9,1,0,0,1,0,1,0%,1,0,2,1,50%,6,.674,1,2,6,2,1,6,1,8,1,3,1,2,2.8,16
467,Kenta Maeda\maedake01,30,LAD,125.1,39,19,4,2,3,2,2,0,100%,7,5,4,0,0%,8,1.074,12,3,4,9,7,3,3,16,4,7,5,3,2.8,15
468,Matt Magill\magilma01,28,MIN,56.2,40,40,9,3,3,1,0,1,0%,8,7,23,9,39%,8,.820,10,11,17,14,6,20,15,25,17,8,20,2,4.3,25
469,Kazuhisa Makita\makitka01,33,SDP,35.0,27,27,9,0,1,0,0,0,,2,2,11,3,27%,8,.368,3,3,19,7,2,18,6,21,10,6,10,3,3.9,22
470,Brandon Mann*\mannbr01,34,TEX,8.1,7,7,4,0,0,0,0,0,,0,0,6,1,17%,9,.378,1,0,4,2,0,5,3,4,3,1,3,0,3.6,21
471,Dillon Maples\mapledi01,26,CHC,5.1,9,9,1,1,0,0,0,0,,0,0,9,3,33%,8,.351,0,1,8,1,0,8,6,3,1,7,1,0,1.8,16
472,Jhan Marinez\marinjh01,29,BAL,8.0,8,8,2,0,0,0,0,0,,0,0,6,1,17%,7,.155,1,0,6,1,0,7,4,4,2,2,2,1,3.0,19
473,Evan Marshall\marshev01,28,CLE,7.0,10,10,1,0,0,1,0,1,0%,4,3,4,3,75%,8,.967,3,1,5,7,0,3,3,7,1,6,2,2,2.1,15
474,Chris Martin\martich02,32,TEX,41.2,46,46,8,1,5,3,0,3,0%,17,14,4,1,25%,8,1.391,18,10,18,22,9,15,3,43,0,12,2,9,2.7,15
475,Carlos Martinez\martica04,26,STL,118.2,33,15,9,2,0,5,5,0,100%,9,3,6,0,0%,9,1.261,6,6,3,11,2,2,3,12,5,1,5,5,3.7,19
476,Jeff Mathis\mathije01,35,ARI,1.0,1,1,1,0,1,0,0,0,,0,0,0,0,,16,1.475,1,0,0,0,1,0,0,1,0,0,0,0,3.0,20
477,Phil Maton\matonph01,25,SDP,47.1,45,45,12,0,2,1,0,1,0%,4,3,14,9,64%,6,.879,11,7,26,7,9,29,10,35,9,11,10,7,3.2,19
478,Brandon Maurer\maurebr01,27,KCR,31.1,37,37,9,0,4,7,1,6,14%,10,3,10,5,50%,8,1.091,12,4,18,13,5,19,5,32,1,10,1,5,2.5,18
479,Trevor May\maytr01,28,MIN,25.1,24,23,6,4,0,3,3,0,100%,8,5,16,7,44%,9,1.209,8,8,7,12,3,8,9,14,7,5,7,2,3.2,18
480,Mike Mayers\mayermi01,26,STL,51.2,50,50,15,2,1,1,1,0,100%,7,6,30,10,33%,7,.667,6,14,28,16,4,30,17,33,11,17,12,12,3.1,18
481,Tim Mayza*\mayzati01,26,TOR,35.2,37,37,9,2,0,0,0,0,,2,1,27,4,15%,6,.506,4,10,22,7,2,28,16,21,10,16,11,9,2.9,16
482,Cory Mazzoni\mazzoco01,28,CHC,8.2,8,8,4,1,0,0,0,0,,1,1,2,0,0%,7,.425,1,2,4,2,1,5,1,7,2,4,2,1,3.3,15
483,Zach McAllister\mcallza01,30,TOT,45.0,44,44,14,1,2,1,0,1,0%,5,4,18,6,33%,,.816,10,8,24,12,9,23,10,34,10,15,15,8,3.1,18
484,Zach McAllister\mcallza01,30,CLE,41.2,41,41,14,1,2,1,0,1,0%,5,4,18,6,33%,8,.825,10,6,23,12,9,20,10,31,9,14,14,8,3.0,17
485,Zach McAllister\mcallza01,30,DET,3.1,3,3,0,0,0,0,0,0,,0,0,0,0,,6,.727,0,2,1,0,0,3,0,3,1,1,1,0,3.3,27
486,Kevin McCarthy\mccarke01,26,KCR,72.0,65,65,10,5,4,4,0,4,0%,21,15,33,10,30%,7,1.369,33,11,21,26,18,21,19,46,16,10,21,13,3.3,16
487,Adam McCreery*\mccread01,25,ATL,1.0,1,1,1,0,0,0,0,0,,0,0,0,0,,8,.237,0,0,1,0,0,1,0,1,0,0,0,0,3.0,30
488,Lance McCullers Jr.\mcculla02,24,HOU,128.1,25,3,0,0,0,0,0,0,,1,1,3,1,33%,8,1.008,1,0,2,1,0,2,1,2,0,2,0,1,2.3,8
489,T.J. McFarland*\mcfartj01,29,ARI,72.0,47,47,21,2,2,1,1,0,100%,2,1,18,10,56%,8,.620,7,8,30,15,7,25,10,37,21,10,21,9,4.6,23
490,Jake McGee*\mcgeeja01,31,COL,51.1,61,61,9,2,4,3,1,2,33%,17,14,23,9,39%,7,.954,15,17,27,27,9,25,14,47,8,22,9,12,2.5,14
491,Kyle McGowin\mcgowky01,26,WSN,7.2,5,4,2,0,0,0,0,0,,0,0,3,1,33%,8,.275,0,0,3,0,0,4,1,3,0,1,0,0,2.8,16
492,Kyle McGrath*\mcgraky01,25,SDP,4.0,4,4,1,0,0,0,0,0,,0,0,2,0,0%,8,.128,1,0,3,1,0,3,1,3,1,2,1,1,3.0,17
493,Deck McGuire\mcguide02,29,TOT,38.0,21,17,9,0,0,0,0,0,,0,0,8,2,25%,,.394,0,1,13,1,0,16,4,13,7,1,8,3,5.0,29
494,Deck McGuire\mcguide02,29,TOR,8.1,4,4,3,0,0,0,0,0,,0,0,2,0,0%,9,.084,0,0,3,0,0,4,1,3,3,0,3,1,6.3,37
495,Deck McGuire\mcguide02,29,LAA,29.2,17,13,6,0,0,0,0,0,,0,0,6,2,33%,8,.482,0,1,10,1,0,12,3,10,4,1,5,2,4.6,27
496,Collin McHugh\mchugco01,31,HOU,72.1,58,58,18,6,2,1,0,1,0%,13,12,15,2,13%,8,.903,18,10,29,30,8,20,10,48,21,13,21,7,3.7,21
497,Alex McRae\mcraeal01,25,PIT,6.1,2,2,0,0,1,0,0,0,,0,0,0,0,,5,.557,0,1,1,0,1,1,0,2,2,0,2,0,9.5,67
498,John Means*\meansjo01,25,BAL,3.1,1,1,0,0,0,0,0,0,,0,0,0,0,,3,.361,0,0,1,0,0,1,0,1,1,0,1,0,10.0,66
499,Ryan Meisinger\meisiry01,24,BAL,21.0,18,17,2,2,0,0,0,0,,0,0,14,6,43%,5,.365,1,2,13,2,0,15,8,9,6,6,6,1,3.6,20
500,Adalberto Mejia*\mejiaad01,25,MIN,22.1,5,1,1,0,0,0,0,0,,0,0,0,0,,6,1.069,0,0,1,0,0,1,0,1,1,0,1,0,9.0,39
501,Mark Melancon\melanma01,33,SFG,39.0,41,41,8,1,4,7,3,4,43%,16,8,9,2,22%,8,1.519,20,12,9,19,13,9,4,37,2,9,3,5,2.9,16
502,Keury Mella\mellake01,24,CIN,9.1,4,4,1,0,0,0,0,0,,0,0,5,1,20%,8,.154,0,1,3,0,0,4,2,2,3,0,4,0,7.0,51
503,Yohander Mendez*\mendeyo01,23,TEX,27.2,8,3,1,1,0,0,0,0,,0,0,1,1,100%,8,.925,0,1,2,1,0,2,1,2,1,1,1,0,6.7,36
504,Daniel Mengden\mengdda01,25,OAK,115.2,22,5,0,1,0,0,0,0,,0,0,0,0,,2,.862,0,5,0,0,3,2,0,5,5,0,5,0,11.8,59
505,Ben Meyer\meyerbe02,25,MIA,19.0,13,13,7,0,0,0,0,0,,0,0,2,1,50%,9,.271,0,1,11,2,0,11,2,11,4,1,5,0,4.4,28
506,Keynan Middleton\middlke01,24,LAA,17.2,16,16,9,0,0,7,6,1,86%,9,2,8,0,0%,9,2.106,12,1,2,10,4,2,4,12,4,2,4,5,3.3,19
507,Andrew Miller*\millean01,33,CLE,34.0,37,37,5,2,4,5,2,3,40%,15,10,16,3,19%,7,1.630,19,7,10,22,10,5,12,25,7,13,8,5,2.8,16
508,Justin Miller\milleju02,31,WSN,52.1,51,51,10,7,1,3,2,1,67%,14,11,26,3,12%,6,1.134,19,11,19,23,11,17,15,36,10,13,11,15,3.1,17
509,Shelby Miller\millesh01,27,ARI,16.0,5,1,0,0,0,0,0,0,,1,1,0,0,,7,1.033,0,1,0,1,0,0,0,1,0,0,0,0,3.0,16
510,Alec Mills\millsal02,26,CHC,18.0,7,5,1,0,0,0,0,0,,1,1,0,0,,7,.628,0,1,4,2,0,3,0,5,3,1,4,1,4.4,24
511,Hoby Milner*\milneho01,27,TOT,7.1,14,14,3,0,0,0,0,0,,1,1,6,5,83%,,.681,3,5,5,5,5,4,4,10,0,12,0,4,1.6,11
512,Hoby Milner*\milneho01,27,PHI,4.2,10,10,2,0,0,0,0,0,,0,0,3,3,100%,6,.637,1,4,5,3,4,3,2,8,0,9,0,4,1.4,9
513,Hoby Milner*\milneho01,27,TBR,2.2,4,4,1,0,0,0,0,0,,1,1,3,2,67%,9,.765,2,1,0,2,1,1,2,2,0,3,0,0,2.0,16
514,Tommy Milone*\milonto01,31,WSN,26.1,5,1,1,0,0,0,0,0,,0,0,0,0,,6,.769,0,0,1,0,0,1,0,1,1,0,1,0,12.0,75
515,Juan Minaya\minayju01,27,CHW,46.2,52,52,9,2,2,4,1,3,25%,15,8,47,11,23%,8,1.076,19,13,17,21,8,23,26,26,18,27,22,13,2.7,18
516,A.J. Minter*\minteaj01,24,ATL,61.1,65,65,31,4,3,17,15,2,88%,29,12,12,3,25%,9,1.556,29,11,24,44,10,11,8,57,4,11,4,12,2.8,16
517,Bryan Mitchell\mitchbr01,27,SDP,73.0,16,5,2,0,0,0,0,0,,0,0,0,0,,5,.758,0,0,5,0,0,5,0,5,4,0,4,0,9.8,58
518,Frankie Montas\montafr02,25,OAK,65.0,13,2,1,0,0,0,0,0,,0,0,0,0,,8,.717,0,0,1,1,0,1,0,2,0,1,0,0,2.0,8
519,Mike Montgomery*\montgmi01,28,CHC,124.0,38,19,6,0,1,0,0,0,,0,0,4,0,0%,9,.914,4,2,13,7,5,7,3,16,7,3,8,5,4.2,22
520,Matt Moore*\moorema02,29,TEX,102.0,39,27,10,2,3,1,0,1,0%,3,2,7,2,29%,6,.715,5,5,17,6,2,19,7,20,15,3,15,3,5.2,28
521,Kendrys Morales\moralke01,35,TOR,1.0,1,1,1,0,0,0,0,0,,0,0,0,0,,9,.000,0,0,0,0,0,1,0,1,0,0,0,0,3.0,16
522,Osmer Morales\moralos01,25,LAA,0.1,1,1,1,0,0,0,0,0,,0,0,3,2,67%,8,2.543,1,0,0,0,1,0,1,0,0,1,0,0,1.0,10
523,Adam Morgan*\morgaad01,28,PHI,49.1,67,67,9,0,2,4,1,3,25%,19,14,42,12,29%,8,1.042,20,19,27,29,12,26,27,40,9,37,16,15,2.2,13
524,Mike Morin\morinmi01,27,SEA,4.0,3,3,1,0,0,1,0,1,0%,1,0,0,0,,6,.620,0,1,2,1,0,2,0,3,1,0,1,0,4.0,22
525,Reyes Moronta\moronre01,25,SFG,65.0,69,69,9,5,2,6,1,5,17%,19,12,41,9,22%,7,1.405,31,13,22,28,19,22,23,46,12,25,15,14,2.8,16
526,Akeel Morris\morriak01,25,LAA,14.0,9,9,7,0,0,0,0,0,,0,0,1,0,0%,8,.123,0,0,9,3,0,6,1,8,5,1,5,1,4.7,28
527,Brandon Morrow\morrobr01,33,CHC,30.2,35,35,30,0,0,24,22,2,92%,24,0,12,3,25%,9,1.761,16,9,10,28,4,3,6,29,1,7,1,9,2.6,14
528,Taylor Motter\motteta01,28,SEA,1.0,1,1,1,0,0,0,0,0,,0,0,0,0,,8,.000,0,0,0,0,0,1,0,1,0,0,0,0,3.0,23
529,Gabriel Moya*\moyaga01,23,MIN,36.1,35,29,5,3,0,2,0,2,0%,5,3,15,5,33%,6,.839,4,8,17,11,2,16,12,17,7,9,7,5,3.0,17
530,Peter Moylan\moylape01,39,ATL,28.1,39,39,6,0,1,1,0,1,0%,5,4,25,11,44%,6,.700,7,9,23,13,5,21,16,23,3,20,4,6,2.2,13
531,Harrison Musgrave*\musgrha01,26,COL,44.2,35,35,8,2,3,0,0,0,,5,5,21,4,19%,6,.557,5,9,21,12,4,19,12,23,18,7,18,2,3.8,20
532,Zach Neal\nealza01,29,LAD,1.0,1,1,1,0,0,0,0,0,,0,0,0,0,,8,.034,0,0,1,0,0,1,0,1,0,0,0,0,3.0,15
533,Hector Neris\nerishe01,29,PHI,47.2,53,53,28,1,3,14,11,3,79%,18,4,10,1,10%,9,1.100,15,13,23,27,6,20,6,47,2,13,3,13,2.7,15
534,Pat Neshek\neshepa01,37,PHI,24.1,30,30,8,3,2,6,5,1,83%,13,6,6,1,17%,7,1.346,13,10,7,18,8,4,5,25,0,11,0,4,2.4,12
535,Dovydas Neverauskas\neverdo01,25,PIT,27.0,25,25,8,0,0,1,0,1,0%,3,2,12,5,42%,7,.531,2,5,16,8,1,16,8,17,6,6,7,3,3.2,20
536,Jake Newberry\newbeja01,23,KCR,13.1,14,14,3,2,0,0,0,0,,1,1,11,2,18%,7,.919,4,3,7,4,3,7,7,7,3,7,4,3,2.9,18
537,Sean Newcomb*\newcose01,25,ATL,164.0,31,1,0,0,0,0,0,0,,0,0,0,0,,6,.985,0,0,1,0,0,1,0,1,0,1,0,0,2.0,15
538,Juan Nicasio\nicasju01,31,SEA,42.0,46,46,6,1,6,7,1,6,14%,26,19,12,3,25%,8,1.520,26,10,10,31,10,5,6,40,3,10,4,13,2.7,17
539,Bud Norris\norribu01,33,STL,57.2,64,64,42,3,6,33,28,5,85%,35,2,23,4,17%,9,1.761,31,19,12,44,11,9,13,51,5,15,7,14,2.7,15
540,Daniel Norris*\norrida01,25,DET,44.1,11,3,0,0,1,0,0,0,,0,0,2,0,0%,5,.995,0,2,1,0,1,2,1,2,3,0,3,0,8.3,48
541,James Norwood\norwoja01,24,CHC,11.0,11,11,5,0,1,0,0,0,,2,2,18,10,56%,7,.523,2,1,5,2,1,8,7,4,4,6,4,1,3.0,21
542,Vidal Nuno*\nunovi01,30,TBR,33.0,17,17,8,3,0,1,0,1,0%,2,0,5,3,60%,8,.867,2,5,10,6,3,8,2,15,8,3,8,2,5.8,29
543,Darren O'Day\odayda01,35,BAL,20.0,20,20,10,0,2,4,2,2,50%,9,4,5,1,20%,9,1.184,6,6,6,9,2,9,3,17,4,2,4,4,3.0,17
544,Chris O'Grady*\ogradch01,28,MIA,7.0,8,8,1,0,1,1,0,1,0%,1,0,5,1,20%,5,1.023,2,2,2,1,2,5,4,4,2,2,2,3,2.6,17
545,Trevor Oaks\oakstr01,25,KCR,13.2,4,2,1,0,0,0,0,0,,0,0,0,0,,6,.750,0,1,1,1,0,1,0,2,2,0,2,0,7.0,44
546,Scott Oberg\obergsc01,28,COL,58.2,56,56,7,8,1,4,0,4,0%,18,14,47,25,53%,7,1.270,26,15,15,24,10,22,28,28,17,19,18,15,3.1,16
547,Alexi Ogando\ogandal01,34,CLE,1.0,1,1,0,0,1,0,0,0,,0,0,0,0,,8,2.521,1,0,0,0,1,0,0,1,0,0,1,0,3.0,31
548,Seunghwan Oh\ohse01,35,TOT,68.1,73,73,10,6,3,9,3,6,33%,30,21,34,13,38%,,1.140,26,27,20,36,11,26,20,53,6,20,7,16,2.8,16
549,Seunghwan Oh\ohse01,35,TOR,47.0,48,48,7,4,3,5,2,3,40%,18,13,20,8,40%,7,1.083,16,20,12,21,9,18,13,35,5,11,6,9,2.9,17
550,Seunghwan Oh\ohse01,35,COL,21.1,25,25,3,2,0,4,1,3,25%,12,8,14,5,36%,8,1.266,10,7,8,15,2,8,7,18,1,9,1,7,2.6,14
551,Steven Okert*\okertst01,26,SFG,7.1,10,10,4,0,0,0,0,0,,0,0,9,1,11%,8,.347,1,2,6,0,1,9,4,6,1,5,2,1,2.2,9
552,Tyler Olson*\olsonty01,28,CLE,27.1,43,43,5,2,1,0,0,0,,7,5,21,4,19%,6,1.149,12,12,19,12,10,21,14,29,2,30,7,11,1.9,11
553,Luis Ortiz\ortizlu02,22,BAL,2.1,2,1,0,0,0,0,0,0,,0,0,0,0,,7,.554,0,0,0,0,0,1,0,1,0,1,0,0,2.0,24
554,Josh Osich*\osichjo01,29,SFG,12.0,12,12,2,0,0,1,0,1,0%,4,2,5,2,40%,6,.422,4,1,7,6,0,6,4,8,4,4,4,3,3.0,19
555,Roberto Osuna\osunaro01,23,TOT,38.0,38,38,31,2,2,22,21,1,95%,24,2,5,2,40%,,1.784,16,13,9,29,4,5,3,35,1,1,1,10,3.0,14
556,Roberto Osuna\osunaro01,23,TOR,15.1,15,15,13,0,0,10,9,1,90%,10,0,2,0,0%,9,1.816,5,6,4,12,1,2,1,14,1,0,1,2,3.1,15
557,Roberto Osuna\osunaro01,23,HOU,22.2,23,23,18,2,2,12,12,0,100%,14,2,3,2,67%,9,1.760,11,7,5,17,3,3,2,21,0,1,0,8,3.0,13
558,Corey Oswalt\oswalco01,24,NYM,64.2,17,5,2,1,0,0,0,0,,1,1,3,2,67%,6,.906,0,2,2,1,0,4,1,4,2,2,2,0,5.6,31
559,Dan Otero\oteroda01,33,CLE,58.2,61,61,19,2,1,3,1,2,33%,4,1,29,9,31%,9,.808,10,10,40,23,9,29,17,44,15,20,19,12,2.9,15
560,Adam Ottavino\ottavad01,32,COL,77.2,75,75,16,6,4,11,6,5,55%,45,34,18,3,17%,8,1.803,38,21,16,53,11,11,9,66,10,8,10,21,3.1,17
561,Emilio Pagan\paganem01,27,OAK,62.0,55,55,17,3,1,0,0,0,,8,7,18,7,39%,8,.536,8,12,32,17,3,35,14,41,15,14,15,8,3.4,19
562,Thomas Pannone*\pannoth01,24,TOR,43.0,12,6,2,0,0,0,0,0,,0,0,2,0,0%,8,.802,1,0,5,1,1,4,1,5,3,1,3,1,3.7,20
563,Eduardo Paredes\pareded01,23,LAA,18.1,14,14,7,0,0,0,0,0,,0,0,6,3,50%,8,.318,2,0,11,4,2,8,4,10,7,3,7,2,3.9,23
564,Edward Paredes*\pareded02,31,LAD,7.2,15,15,1,2,0,0,0,0,,3,3,9,2,22%,6,1.141,7,1,7,6,3,6,5,10,0,11,0,4,1.5,8
565,Blake Parker\parkebl01,33,LAA,66.1,67,67,41,2,1,17,14,3,82%,23,6,22,5,23%,9,1.243,19,11,37,37,4,26,12,55,10,11,12,12,3.0,17
566,Wes Parsons\parsowe01,25,ATL,5.0,1,1,0,0,1,0,0,0,,0,0,0,0,,3,.862,0,1,0,1,0,0,0,1,1,0,1,0,15.0,82
567,David Paulino\paulida01,24,TOR,6.2,7,7,4,1,0,0,0,0,,0,0,0,0,,9,.243,0,0,6,1,0,6,0,7,0,1,0,0,2.9,18
568,James Pazos*\pazosja01,27,SEA,50.0,60,60,4,4,1,2,0,2,0%,21,19,32,9,28%,7,.924,18,20,21,28,8,24,18,42,2,23,6,12,2.5,13
569,Brad Peacock\peacobr01,30,HOU,65.0,61,60,20,3,5,6,3,3,50%,17,10,28,5,18%,8,.854,12,20,28,33,7,20,14,46,16,14,17,9,3.2,19
570,C.D. Pelham*\pelhacd01,23,TEX,7.2,10,10,2,0,0,0,0,0,,1,1,5,1,20%,8,.422,1,2,7,1,0,9,3,7,0,5,1,1,2.3,16
571,Felix Pena\penafe01,28,LAA,92.2,19,2,1,0,0,0,0,0,,0,0,1,1,100%,9,.937,0,0,2,1,0,1,1,1,1,0,1,0,4.0,24
572,Cliff Pennington\pennicl01,34,CIN,1.0,1,1,1,0,0,0,0,0,,0,0,0,0,,9,.000,0,0,0,0,0,1,0,1,0,0,0,0,3.0,29
573,Freddy Peralta\peralfr01,22,MIL,78.1,16,2,1,0,0,0,0,0,,0,0,0,0,,9,.816,0,0,2,1,1,0,0,2,1,0,1,0,7.0,35
574,Wandy Peralta*\peralwa01,26,CIN,45.1,59,59,6,2,2,0,0,0,,10,7,35,9,26%,7,.755,13,14,31,19,8,32,23,36,9,31,13,11,2.3,15
575,Wily Peralta\peralwi01,29,KCR,34.1,37,37,30,1,0,14,14,0,100%,15,1,9,2,22%,9,1.363,16,2,19,22,2,13,5,32,1,5,1,8,2.8,16
576,Luis Perdomo\perdolu02,25,SDP,44.2,12,2,2,0,0,0,0,0,,0,0,0,0,,8,.987,0,0,2,0,0,2,0,2,0,0,0,0,3.0,17
577,Cionel Perez*\perezci01,22,HOU,11.1,8,8,3,0,0,0,0,0,,0,0,2,0,0%,9,.191,0,0,6,3,0,5,2,6,4,0,4,0,4.3,28
578,Hernan Perez\perezhe01,27,MIL,3.1,3,3,1,0,0,0,0,0,,0,0,0,0,,7,.004,0,0,1,0,0,3,0,3,1,1,1,0,3.3,25
579,Martin Perez*\perezma02,27,TEX,85.1,22,7,3,0,0,1,0,1,0%,3,2,4,2,50%,7,1.018,1,4,2,4,0,3,2,5,5,1,5,0,4.7,22
580,Oliver Perez*\perezol01,36,CLE,32.1,51,51,1,1,1,0,0,0,,15,15,43,4,9%,7,.885,14,17,18,23,6,22,29,22,6,36,11,16,1.9,9
581,Dillon Peters*\peterdi01,25,MIA,27.2,7,2,2,0,0,0,0,0,,0,0,0,0,,9,.988,0,1,1,0,0,2,0,2,1,0,1,0,4.5,31
582,Jace Peterson\peterja01,28,BAL,1.0,1,1,1,0,0,0,0,0,,0,0,0,0,,8,.000,0,0,0,0,0,1,0,1,0,0,0,0,3.0,30
583,Tim Peterson\peterti01,27,NYM,27.2,22,22,9,2,2,0,0,0,,3,3,5,2,40%,8,.957,8,3,9,5,6,11,4,18,11,5,11,3,3.8,18
584,Yusmeiro Petit\petityu01,33,OAK,93.0,74,74,12,7,3,2,0,2,0%,20,16,31,14,45%,7,1.095,25,27,22,33,17,24,24,50,28,13,30,17,3.8,18
585,Jake Petricka\petrija01,30,TOR,45.2,41,41,5,3,1,0,0,0,,2,2,31,7,23%,6,.792,9,7,24,6,5,30,18,23,12,10,15,3,3.3,19
586,Evan Phillips\phillev01,23,TOT,11.2,9,8,4,0,0,0,0,0,,1,0,9,2,22%,,.521,1,0,6,2,0,6,5,3,5,2,5,0,3.6,24
587,Evan Phillips\phillev01,23,ATL,6.1,4,4,4,0,0,0,0,0,,0,0,6,0,0%,9,.187,0,0,3,1,0,3,3,1,3,0,3,0,4.8,26
588,Evan Phillips\phillev01,23,BAL,5.1,5,4,0,0,0,0,0,0,,1,0,3,2,67%,8,.843,1,0,3,1,0,3,2,2,2,2,2,0,2.5,23
589,Nick Pivetta\pivetni01,25,PHI,164.0,33,1,1,1,0,0,0,0,,0,0,0,0,,13,.982,1,0,0,0,1,0,0,1,0,0,0,0,3.0,19
590,Adam Plutko\plutkad01,26,CLE,76.2,17,5,4,0,0,1,1,0,100%,1,0,3,3,100%,9,.810,0,0,3,3,0,2,1,4,2,1,2,0,5.2,29
591,Drew Pomeranz*\pomerdr01,29,BOS,74.0,26,15,5,1,1,0,0,0,,2,2,1,0,0%,5,.879,2,4,8,4,1,10,1,14,6,3,6,3,4.5,30
592,Daniel Ponce de Leon\ponceda01,26,STL,33.0,11,7,2,0,0,1,1,0,100%,1,0,4,2,50%,7,.912,2,0,5,3,1,3,2,5,5,0,5,0,5.9,31
593,Brooks Pounders\poundbr01,27,COL,15.1,14,14,11,0,1,1,0,1,0%,1,0,4,3,75%,9,.159,0,1,13,5,0,9,2,12,3,3,3,1,3.3,21
594,Bobby Poyner*\poynebo01,25,BOS,22.1,20,20,4,1,0,0,0,0,,5,5,5,3,60%,8,.796,3,6,11,9,3,8,4,16,6,6,8,1,3.4,19
595,Ryan Pressly\pressry01,29,TOT,71.0,77,77,11,2,1,9,2,7,22%,30,21,38,13,34%,,1.220,31,17,29,41,12,24,24,53,10,24,11,20,2.8,14
596,Ryan Pressly\pressry01,29,MIN,47.2,51,51,7,1,1,5,0,5,0%,13,8,26,9,35%,7,1.127,16,10,25,21,10,20,17,34,8,17,9,15,2.8,16
597,Ryan Pressly\pressry01,29,HOU,23.1,26,26,4,1,0,4,2,2,50%,17,13,12,4,33%,7,1.450,15,7,4,20,2,4,7,19,2,7,2,5,2.7,12
598,Austin Pruitt\pruitau01,28,TBR,69.2,23,23,11,2,3,5,4,1,80%,5,0,6,0,0%,7,.522,1,8,12,8,4,11,6,17,20,1,20,1,9.1,45
599,Kevin Quackenbush\quackke01,29,CIN,9.0,10,10,1,0,1,0,0,0,,0,0,3,0,0%,7,.736,2,2,6,1,3,6,3,7,1,4,3,1,2.7,17
600,Roman Quinn\quinnro01,25,PHI,1.2,1,1,0,0,0,0,0,0,,0,0,0,0,,7,.000,0,0,0,0,0,1,0,1,1,0,1,0,5.0,42
601,Tanner Rainey\raineta01,25,CIN,7.0,8,8,2,0,0,0,0,0,,0,0,8,5,63%,8,.361,0,1,7,1,0,7,5,3,1,4,2,1,2.6,24
602,Carlos Ramirez\ramirca01,27,TOT,8.1,5,5,3,0,0,0,0,0,,0,0,3,1,33%,,.128,0,0,4,0,0,5,1,4,4,1,4,2,5.0,32
603,Carlos Ramirez\ramirca01,27,TOR,2.1,2,2,2,0,0,0,0,0,,0,0,3,1,33%,8,.037,0,0,1,0,0,2,1,1,1,1,1,1,3.5,33
604,Carlos Ramirez\ramirca01,27,OAK,6.0,3,3,1,0,0,0,0,0,,0,0,0,0,,8,.178,0,0,3,0,0,3,0,3,3,0,3,1,6.0,31
605,Jose Ramirez\ramirjo02,28,ATL,6.1,7,7,1,0,2,0,0,0,,0,0,3,2,67%,10,1.369,2,2,3,2,3,2,2,5,1,2,1,1,2.7,22
606,Neil Ramirez\ramirne01,29,CLE,41.2,47,47,9,0,3,1,0,1,0%,14,13,29,7,24%,8,1.105,15,14,18,22,7,18,14,33,9,22,15,12,2.7,16
607,Noe Ramirez\ramirno01,28,LAA,83.1,69,68,12,7,4,4,1,3,25%,11,6,35,9,26%,6,.681,9,24,35,22,8,38,20,48,28,17,29,8,3.6,20
608,Yefry Ramirez\ramirye01,24,BAL,65.1,17,5,2,0,0,0,0,0,,0,0,4,0,0%,7,.990,1,0,3,0,1,4,2,3,4,1,4,0,7.2,33
609,AJ Ramos\ramosaj01,31,NYM,19.2,28,28,5,2,2,0,0,0,,7,7,11,2,18%,8,1.216,10,7,10,9,8,11,7,21,1,15,2,10,2.1,13
610,Edubray Ramos\ramosed02,25,PHI,42.2,52,52,10,3,1,2,1,1,50%,15,12,27,8,30%,8,1.044,12,19,20,22,8,22,18,34,7,24,8,9,2.5,14
611,Josh Ravin\ravinjo01,30,ATL,3.0,2,2,2,0,1,0,0,0,,0,0,0,0,,11,2.274,1,0,0,1,1,0,0,2,1,0,1,0,4.5,27
612,Addison Reed\reedad01,29,MIN,56.0,55,55,14,1,6,4,0,4,0%,14,10,10,2,20%,8,1.231,20,11,22,21,13,21,6,49,6,9,8,12,3.1,16
613,Cody Reed*\reedco01,25,CIN,43.0,17,10,2,0,1,0,0,0,,1,1,10,2,20%,8,1.016,3,1,5,4,1,5,5,5,2,3,3,2,3.5,18
614,Zac Reininger\reiniza01,25,DET,21.1,18,18,6,1,0,0,0,0,,0,0,17,7,41%,8,.348,2,2,13,2,1,15,8,10,7,3,7,5,3.6,22
615,Jesus Reyes\reyesje01,25,CIN,5.2,5,5,1,0,0,0,0,0,,0,0,1,1,100%,8,.102,0,0,5,0,0,5,1,4,1,1,1,0,3.4,16
616,Jose Reyes\reyesjo01,35,NYM,1.0,1,1,1,0,0,0,0,0,,0,0,0,0,,8,.000,0,0,0,0,0,1,0,1,0,0,0,0,3.0,48
617,Mark Reynolds\reynoma01,34,WSN,0.1,1,1,1,0,0,0,0,0,,0,0,2,0,0%,9,.000,0,0,0,0,0,1,1,0,0,1,0,0,1.0,3
618,Jacob Rhame\rhameja01,25,NYM,32.1,30,30,15,1,2,2,1,1,50%,4,2,12,2,17%,8,.897,7,3,17,8,6,16,7,23,9,8,9,4,3.2,17
619,Yacksel Rios\riosya01,25,PHI,36.0,36,36,10,3,2,0,0,0,,3,2,23,6,26%,7,.731,6,6,19,9,6,21,12,24,10,10,11,6,3.0,18
620,Anthony Rizzo*\rizzoan01,28,CHC,0.1,1,1,1,0,0,0,0,0,,0,0,0,0,,9,.010,0,0,1,0,0,1,0,1,0,1,0,0,1.0,2
621,Tanner Roark\roarkta01,31,WSN,180.1,31,1,1,0,1,0,0,0,,0,0,0,0,,9,.890,1,0,0,0,1,0,0,1,0,1,0,0,1.0,10
622,Daniel Robertson\roberda10,24,TBR,1.0,1,1,1,0,0,0,0,0,,0,0,0,0,,8,.000,0,0,0,0,0,1,0,1,0,0,0,0,3.0,11
623,David Robertson\roberda08,33,NYY,69.2,69,69,11,8,3,9,5,4,56%,30,21,27,10,37%,8,1.402,30,21,17,42,14,13,18,51,9,8,10,14,3.0,17
624,Hansel Robles\robleha01,27,TOT,56.0,53,53,14,2,3,3,2,1,67%,12,9,21,10,48%,,.921,14,16,23,20,12,21,12,41,8,8,8,12,3.2,18
625,Hansel Robles\robleha01,27,NYM,19.2,16,16,3,2,2,0,0,0,,2,2,4,3,75%,8,.902,5,7,4,3,7,6,3,13,4,1,4,4,3.7,21
626,Hansel Robles\robleha01,27,LAA,36.1,37,37,11,0,1,3,2,1,67%,10,7,17,7,41%,7,.932,9,9,19,17,5,15,9,28,4,7,4,8,2.9,17
627,Fernando Rodney\rodnefe01,41,TOT,64.1,68,68,40,4,3,32,25,7,78%,40,7,13,1,8%,,1.895,39,13,16,51,11,6,6,62,2,9,3,15,2.8,17
628,Fernando Rodney\rodnefe01,41,MIN,43.2,46,46,39,3,2,31,25,6,81%,31,0,10,1,10%,9,2.094,30,6,10,39,5,2,5,41,1,5,2,11,2.8,17
629,Fernando Rodney\rodnefe01,41,OAK,20.2,22,22,1,1,1,1,0,1,0%,9,7,3,0,0%,7,1.483,9,7,6,12,6,4,1,21,1,4,1,4,2.8,18
630,Dereck Rodriguez\rodride01,26,SFG,118.1,21,2,1,1,0,0,0,0,,0,0,0,0,,11,.984,1,0,1,0,1,1,0,2,2,0,2,0,9.5,56
631,Eduardo Rodriguez*\rodried05,25,BOS,129.2,27,4,0,1,1,0,0,0,,0,0,2,0,0%,5,.961,1,1,2,2,1,1,1,3,3,0,3,1,4.8,25
632,Jefry Rodriguez\rodrije01,24,WSN,52.0,14,6,2,1,1,0,0,0,,0,0,1,1,100%,12,.967,1,2,3,2,2,2,1,5,2,0,2,0,6.7,36
633,Ricardo Rodriguez\rodriri04,25,TEX,6.2,4,4,0,0,0,0,0,0,,1,1,2,1,50%,6,.696,0,2,2,1,0,3,2,2,3,0,3,0,5.0,23
634,Richard Rodriguez\rodriri05,28,PIT,69.1,63,63,20,4,3,0,0,0,,15,15,28,4,14%,7,.832,14,16,31,25,5,33,19,44,16,15,16,13,3.3,18
635,Chaz Roe\roech01,31,TBR,50.1,61,61,6,1,3,2,1,1,50%,34,31,28,6,21%,7,1.535,26,23,11,43,12,6,19,42,8,28,15,18,2.5,13
636,Taylor Rogers*\rogerta01,27,MIN,68.1,72,72,6,1,2,4,2,2,50%,22,18,39,10,26%,8,1.016,23,23,26,27,13,32,26,46,20,30,28,17,2.8,14
637,Sal Romano\romansa01,24,CIN,145.2,39,14,1,1,1,0,0,0,,2,2,12,2,17%,5,.889,4,4,6,4,2,8,7,7,4,5,4,2,3.1,16
638,Enny Romero*\romeren01,27,TOT,10.0,8,8,2,0,0,0,0,0,,0,0,5,3,60%,,.397,1,1,6,2,1,5,3,5,3,1,3,1,3.8,26
639,Enny Romero*\romeren01,27,TOT,6.0,4,4,2,0,0,0,0,0,,0,0,1,0,0%,,.188,0,0,4,2,0,2,1,3,3,1,3,0,4.5,33
640,Enny Romero*\romeren01,27,WSN,2.0,2,2,0,0,0,0,0,0,,0,0,1,0,0%,9,.122,0,0,2,1,0,1,1,1,1,1,1,0,3.0,31
641,Enny Romero*\romeren01,27,PIT,4.0,2,2,2,0,0,0,0,0,,0,0,0,0,,8,.224,0,0,2,1,0,1,0,2,2,0,2,0,6.0,36
642,Enny Romero*\romeren01,27,KCR,4.0,4,4,0,0,0,0,0,0,,0,0,4,3,75%,7,.720,1,1,2,0,1,3,2,2,0,0,0,1,3.0,19
643,Andrew Romine\rominan01,32,SEA,3.0,3,3,3,0,0,0,0,0,,0,0,0,0,,9,.001,0,0,0,0,0,3,0,3,0,0,0,0,3.0,21
644,Sergio Romo\romose01,35,TBR,67.1,73,68,39,3,3,33,25,8,76%,41,8,36,16,44%,9,1.726,31,21,14,50,10,8,21,47,10,22,13,28,2.8,15
645,Bruce Rondon\rondobr01,27,CHW,29.2,35,35,5,2,3,2,1,1,50%,7,5,14,8,57%,8,1.037,12,7,15,10,6,19,8,27,4,13,5,10,2.5,17
646,Hector Rondon\rondohe01,30,HOU,59.0,63,63,26,2,5,22,15,7,68%,32,9,15,5,33%,9,1.625,30,13,20,41,8,14,10,53,4,10,5,10,2.8,16
647,Randy Rosario*\rosarra01,24,CHC,46.2,44,44,8,4,0,2,1,1,50%,11,8,28,3,11%,6,.777,13,13,18,16,4,24,17,27,15,16,19,9,3.2,17
648,Tyson Ross\rossty01,31,TOT,149.2,31,8,0,1,0,0,0,0,,0,0,16,6,38%,,.978,3,2,3,1,2,5,6,2,7,1,8,0,7.6,39
649,Tyson Ross\rossty01,31,STL,26.1,9,8,0,1,0,0,0,0,,0,0,16,6,38%,4,.686,3,2,3,1,2,5,6,2,7,1,8,0,7.6,39
650,Zac Rosscup*\rosscza01,30,LAD,11.1,17,17,5,0,1,1,0,1,0%,2,1,6,2,33%,8,.502,4,2,9,7,2,8,5,12,2,11,3,3,2.0,12
651,Chris Rowley\rowlech01,27,TOR,0.2,2,2,2,0,1,0,0,0,,0,0,2,0,0%,10,2.992,1,0,1,0,1,1,1,1,0,2,0,1,1.0,8
652,Ryan Rua\ruary01,28,TEX,1.0,1,1,1,0,0,0,0,0,,0,0,0,0,,9,.000,0,0,0,0,0,1,0,1,0,0,0,0,3.0,8
653,Drew Rucinski\rucindr01,29,MIA,35.1,32,32,5,4,2,2,0,2,0%,6,4,20,3,15%,6,1.151,12,7,13,11,6,15,11,21,8,11,10,5,3.3,18
654,Jose Ruiz\ruizjo01,23,CHW,4.1,6,6,2,0,0,0,0,0,,0,0,8,3,38%,9,.204,1,1,3,1,1,4,4,2,1,3,1,0,2.2,15
655,Nick Rumbelow\rumbeni01,26,SEA,17.2,13,13,6,0,0,0,0,0,,1,1,8,4,50%,9,.254,0,3,10,1,0,12,5,8,5,1,5,1,4.1,22
656,Chris Rusin*\rusinch01,31,COL,54.2,49,49,11,2,3,1,0,1,0%,10,8,32,10,31%,7,.713,9,14,23,20,4,25,18,31,19,17,20,6,3.3,18
657,Marc Rzepczynski*\rzepcma01,32,TOT,10.1,23,23,1,0,1,1,0,1,0%,7,5,15,7,47%,,.955,6,6,11,11,1,11,11,12,0,18,0,7,1.3,9
658,Marc Rzepczynski*\rzepcma01,32,SEA,7.2,18,18,0,0,1,1,0,1,0%,5,3,11,6,55%,7,1.041,5,6,7,8,1,9,8,10,0,15,0,5,1.3,10
659,Marc Rzepczynski*\rzepcma01,32,CLE,2.2,5,5,1,0,0,0,0,0,,2,2,4,1,25%,7,.549,1,0,4,3,0,2,3,2,0,3,0,2,1.6,7
660,Casey Sadler\sadleca02,27,PIT,4.1,2,2,1,0,0,0,0,0,,0,0,2,1,50%,9,.082,0,0,1,1,0,1,1,1,1,0,1,1,6.5,43
661,Connor Sadzeck\sadzeco01,26,TEX,9.1,13,11,1,0,0,0,0,0,,5,5,8,3,38%,7,1.071,4,6,1,5,2,4,6,5,0,7,0,3,2.0,12
662,Fernando Salas\salasfe01,33,ARI,40.0,41,41,12,4,4,0,0,0,,5,3,16,8,50%,7,.892,9,8,24,13,7,21,10,31,8,13,12,11,2.9,16
663,Adrian Sampson\sampsad01,26,TEX,23.0,5,1,0,0,0,0,0,0,,0,0,0,0,,6,1.023,0,0,1,0,0,1,0,1,0,1,0,0,1.0,21
664,Anibal Sanchez\sanchan01,34,ATL,136.2,25,1,0,0,0,0,0,0,,0,0,0,0,,6,1.023,0,0,1,0,0,1,0,1,1,0,1,0,9.0,58
665,Pablo Sandoval\sandopa01,31,SFG,1.0,1,1,1,0,0,0,0,0,,0,0,0,0,,9,.000,0,0,0,0,0,1,0,1,0,0,0,0,3.0,11
666,Dennis Santana\santade01,22,LAD,3.2,1,1,0,1,0,0,0,0,,0,0,0,0,,2,1.122,0,1,0,1,0,0,0,1,1,0,1,0,11.0,70
667,Edgar Santana\santaed01,26,PIT,66.1,69,69,11,3,4,7,0,7,0%,28,21,36,11,31%,7,1.189,28,19,21,40,11,18,22,47,10,17,11,18,2.9,13
668,Hector Santiago*\santihe01,30,CHW,102.0,49,43,27,4,1,2,2,0,100%,2,0,29,10,34%,9,.727,7,2,32,7,4,32,18,25,20,7,20,4,5.2,34
669,Luis Santos\santolu01,27,TOR,20.0,15,14,4,1,0,0,0,0,,0,0,11,7,64%,6,.472,1,6,7,0,0,14,6,8,8,4,9,2,3.9,24
670,Warwick Saupold\saupowa01,28,DET,34.1,31,31,13,4,1,3,1,2,33%,4,1,31,16,52%,7,.904,9,9,10,9,5,17,15,16,9,9,12,7,3.3,20
671,Rob Scahill\scahiro01,31,CHW,5.0,6,6,3,0,0,0,0,0,,1,0,4,0,0%,8,.466,1,0,3,1,0,5,2,4,1,3,1,0,2.5,13
672,Jaime Schultz\schulja02,27,TBR,30.1,22,21,7,2,1,0,0,0,,5,3,5,1,20%,9,.683,2,7,11,12,4,5,3,18,10,3,10,4,4.2,26
673,Robby Scott*\scottro02,28,BOS,6.2,9,9,4,0,1,0,0,0,,1,1,13,7,54%,8,1.161,3,2,4,1,2,6,7,2,2,6,3,2,2.2,18
674,Tanner Scott*\scottta01,23,BAL,53.1,53,53,8,3,3,3,0,3,0%,8,5,31,12,39%,8,.815,14,11,26,10,8,35,17,36,12,16,16,5,3.0,18
675,Antonio Senzatela\senzaan01,23,COL,90.1,23,10,2,2,1,0,0,0,,0,0,9,4,44%,7,.923,2,0,8,1,2,7,4,6,5,2,6,1,5.2,34
676,Paul Sewald\sewalpa01,28,NYM,56.1,46,46,9,0,7,5,2,3,40%,7,2,20,11,55%,7,.967,11,15,18,14,8,24,10,36,18,12,19,4,3.7,23
677,Kevin Shackelford\shackke01,29,CIN,8.0,5,5,1,0,1,1,0,1,0%,1,0,2,0,0%,9,.802,1,0,4,1,0,4,1,4,2,1,3,1,4.8,32
678,Justin Shafer\shafeju01,25,TOR,8.1,6,6,1,0,0,0,0,0,,0,0,3,2,67%,5,.568,1,1,4,1,0,5,2,4,2,1,2,0,4.2,24
679,Bryan Shaw\shawbr01,30,COL,54.2,61,61,14,4,6,5,0,5,0%,18,13,24,12,50%,7,.963,24,8,25,30,9,22,16,45,6,19,7,14,2.7,17
680,Justus Sheffield*\sheffju01,22,NYY,2.2,3,3,2,0,0,0,0,0,,0,0,2,1,50%,9,.054,0,0,3,1,0,2,1,2,0,1,0,0,2.7,19
681,Jimmie Sherfy\sherfji01,26,ARI,16.1,15,15,3,0,0,0,0,0,,1,1,14,3,21%,6,.641,2,3,9,1,1,13,7,8,5,4,5,3,3.3,19
682,Ryan Sherriff*\sherrry01,28,STL,5.2,5,5,0,0,0,0,0,0,,1,1,0,0,,6,.525,0,2,3,1,1,3,0,5,2,2,2,0,3.4,21
683,James Shields\shielja02,36,CHW,204.2,34,1,1,0,1,0,0,0,,0,0,0,0,,14,.897,1,0,0,0,1,0,0,1,0,1,0,0,2.0,28
684,Braden Shipley\shiplbr01,26,ARI,5.0,3,3,2,0,0,0,0,0,,0,0,3,0,0%,8,.148,0,0,3,1,0,2,2,1,3,0,3,1,5.0,27
685,Chasen Shreve*\shrevch01,27,TOT,52.2,60,60,20,3,4,1,1,0,100%,7,6,29,10,34%,,.704,10,9,39,26,7,27,16,44,9,22,14,11,2.6,17
686,Chasen Shreve*\shrevch01,27,NYY,38.0,40,40,17,2,2,1,1,0,100%,4,3,18,5,28%,9,.636,7,3,28,18,4,18,9,31,8,12,8,9,2.9,18
687,Chasen Shreve*\shrevch01,27,STL,14.2,20,20,3,1,2,0,0,0,,3,3,11,5,45%,6,.883,3,6,11,8,3,9,7,13,1,10,6,2,2.2,13
688,Lucas Sims\simslu01,24,TOT,15.2,9,9,2,0,0,1,0,1,0%,1,0,3,2,67%,,.605,0,3,6,2,1,6,2,7,6,1,6,0,5.2,35
689,Lucas Sims\simslu01,24,ATL,10.1,6,6,2,0,0,1,0,1,0%,1,0,3,2,67%,8,.559,0,2,4,2,0,4,2,4,3,1,3,0,5.2,34
690,Lucas Sims\simslu01,24,CIN,5.1,3,3,0,0,0,0,0,0,,0,0,0,0,,6,.700,0,1,2,0,1,2,0,3,3,0,3,0,5.3,37
691,Tony Sipp*\sippto01,34,HOU,38.2,54,54,8,3,1,0,0,0,,12,10,37,4,11%,7,.735,16,11,24,27,7,20,21,33,3,28,7,10,2.1,12
692,Eric Skoglund*\skogler01,25,KCR,70.0,14,1,0,0,0,0,0,0,,0,0,0,0,,6,.934,0,0,1,0,0,1,0,1,1,0,1,0,6.0,27
693,Aaron Slegers\slegeaa01,25,MIN,13.2,4,2,1,0,0,0,0,0,,0,0,1,1,100%,9,.653,0,0,2,1,0,1,1,1,1,0,1,0,9.5,52
694,Burch Smith\smithbu03,28,KCR,78.0,38,32,16,0,2,0,0,0,,1,1,20,10,50%,8,.634,3,5,21,3,3,26,12,20,20,5,21,2,5.2,31
695,Carson Smith\smithca02,28,BOS,14.1,18,18,5,1,1,1,0,1,0%,6,5,5,3,60%,8,1.312,6,5,7,9,4,5,3,15,0,8,0,4,2.4,15
696,Drew Smith\smithdr01,24,NYM,28.0,27,27,8,1,1,2,0,2,0%,6,4,17,12,71%,8,.895,8,5,12,13,5,9,10,17,5,6,7,4,3.1,16
697,Joe Smith\smithjo05,34,HOU,45.2,56,56,13,5,1,2,0,2,0%,14,11,27,7,26%,7,.888,19,8,27,29,8,19,17,39,3,23,3,9,2.4,12
698,Murphy Smith\smithmu01,30,TOR,3.1,3,3,2,0,0,0,0,0,,0,0,1,0,0%,8,.084,0,0,3,0,0,3,1,2,1,0,1,1,3.3,16
699,Will Smith*\smithwi04,28,SFG,53.0,54,54,27,2,3,18,14,4,78%,24,6,20,7,35%,9,1.480,29,10,15,30,12,12,13,41,6,9,8,11,2.9,15
700,Josh Smoker*\smokejo01,29,TOT,7.1,8,8,1,0,0,1,0,1,0%,2,0,9,6,67%,,.703,1,1,6,3,0,5,6,2,3,3,3,0,2.8,21
701,Josh Smoker*\smokejo01,29,PIT,5.2,7,7,1,0,0,1,0,1,0%,2,0,7,5,71%,6,.823,1,1,5,3,0,4,5,2,2,3,2,0,2.4,20
702,Josh Smoker*\smokejo01,29,DET,1.2,1,1,0,0,0,0,0,0,,0,0,2,1,50%,7,.169,0,0,1,0,0,1,1,0,1,0,1,0,5.0,28
703,Jake Smolinski\smolija01,29,OAK,1.0,1,1,1,0,0,0,0,0,,0,0,0,0,,9,.004,0,0,1,0,0,1,0,1,0,0,0,0,3.0,9
704,D.J. Snelten*\sneltdj01,26,SFG,4.1,4,4,0,0,0,0,0,0,,0,0,2,0,0%,8,.143,0,1,3,2,0,2,1,3,2,2,2,0,3.3,27
705,Chad Sobotka\sobotch01,24,ATL,14.1,14,14,5,1,0,0,0,0,,1,1,9,1,11%,9,.462,1,4,9,7,1,6,6,8,4,3,4,4,3.1,16
706,Miguel Socolovich\socolmi01,31,ATL,5.0,4,4,3,0,1,0,0,0,,0,0,0,0,,14,.524,1,0,3,1,1,2,0,4,1,0,1,0,3.8,25
707,Sammy Solis*\solissa01,29,WSN,39.1,56,56,5,1,2,4,0,4,0%,17,13,36,15,42%,8,1.006,20,10,26,25,6,25,21,35,6,32,9,14,2.1,13
708,Joakim Soria\soriajo01,34,TOT,60.2,66,66,29,3,4,21,16,5,76%,34,13,21,5,24%,,1.415,28,15,21,42,8,16,11,55,3,14,3,17,2.8,16
709,Joakim Soria\soriajo01,34,CHW,38.2,40,40,29,0,3,19,16,3,84%,21,2,12,0,0%,9,1.358,15,10,13,24,4,12,6,34,3,5,3,7,2.9,17
710,Joakim Soria\soriajo01,34,MIL,22.0,26,26,0,3,1,2,0,2,0%,13,11,9,5,56%,8,1.519,13,5,8,18,4,4,5,21,0,9,0,10,2.5,14
711,Cory Spangenberg\spangco01,27,SDP,2.0,2,2,2,0,0,0,0,0,,0,0,0,0,,9,.000,0,0,0,0,0,2,0,2,0,0,0,0,3.0,20
712,Glenn Sparkman\sparkgl01,26,KCR,38.1,15,12,3,0,2,0,0,0,,0,0,11,7,64%,8,.879,3,2,6,3,4,5,7,5,10,0,10,0,6.3,36
713,Jeffrey Springs*\sprinje01,25,TEX,32.0,18,16,4,1,1,1,0,1,0%,3,2,7,5,71%,6,.696,2,6,8,5,1,10,4,12,11,2,14,0,5.1,30
714,Craig Stammen\stammcr01,34,SDP,79.0,73,73,7,8,3,5,0,5,0%,29,24,33,12,36%,7,1.570,40,16,17,39,21,13,21,52,17,16,19,17,3.2,16
715,Ryne Stanek\stanery01,26,TBR,66.1,59,30,10,2,1,0,0,0,,10,10,17,6,35%,8,.998,10,8,12,12,6,12,11,19,5,11,6,11,2.6,13
716,Drew Steckenrider\steckdr01,27,MIA,64.2,71,71,17,4,4,10,5,5,50%,29,19,22,12,55%,8,1.469,35,16,20,41,20,10,13,58,2,13,2,17,2.7,16
717,Jackson Stephens\stephja01,24,CIN,38.1,29,29,12,2,3,0,0,0,,0,0,19,9,47%,8,.576,5,0,19,3,3,23,9,20,8,4,10,3,4.0,23
718,Robert Stephenson\stephro01,25,CIN,11.2,4,1,0,0,0,0,0,0,,0,0,0,0,,7,.987,0,0,1,0,0,1,0,1,0,0,0,0,3.0,20
719,Brock Stewart\stewabr01,26,LAD,17.2,9,7,3,0,1,1,0,1,0%,1,0,0,0,,8,.798,2,0,5,2,1,4,0,7,4,2,4,1,4.1,27
720,Kohl Stewart\stewako01,23,MIN,36.2,8,4,0,2,0,0,0,0,,0,0,0,0,,2,1.033,0,3,1,2,0,2,0,4,4,0,4,0,15.3,74
721,Robert Stock\stockro01,28,SDP,39.2,32,32,6,1,1,1,0,1,0%,5,4,9,4,44%,7,.871,8,6,17,8,5,19,5,27,11,8,12,5,3.7,19
722,Eric Stout*\stouter01,25,KCR,2.1,3,3,0,0,0,0,0,0,,0,0,1,0,0%,7,.586,0,1,2,1,0,2,1,2,1,2,2,0,2.3,17
723,Matt Strahm*\strahma01,26,SDP,61.1,41,36,5,3,4,0,0,0,,7,7,12,3,25%,7,.970,11,8,17,11,9,16,6,30,16,6,16,2,4.0,22
724,Chris Stratton\stratch01,27,SFG,145.0,28,2,1,0,0,0,0,0,,0,0,3,0,0%,8,.978,0,1,1,0,0,2,1,1,2,0,2,0,5.0,39
725,Hunter Strickland\strichu01,29,SFG,45.1,49,49,35,3,5,18,14,4,78%,18,0,9,3,33%,9,1.502,18,11,19,25,9,15,5,44,1,9,1,13,2.8,16
726,Ross Stripling\stripro01,28,LAD,122.0,33,12,2,0,0,0,0,0,,3,3,1,0,0%,8,.973,4,2,6,7,3,2,1,11,6,1,6,0,3.9,22
727,Pedro Strop\stroppe01,33,CHC,59.2,60,60,20,6,1,17,13,4,76%,26,9,25,6,24%,9,1.625,29,13,18,37,14,9,16,44,11,14,13,13,3.0,15
728,Daniel Stumpf*\stumpda01,27,DET,38.1,56,56,5,1,5,3,0,3,0%,16,11,35,9,26%,7,1.133,22,12,21,21,9,26,21,35,4,33,6,17,2.1,13
729,Ranger Suarez*\suarera01,22,PHI,15.0,4,1,0,0,0,0,0,0,,0,0,0,0,,5,.928,0,0,1,0,0,1,0,1,1,0,1,0,9.0,34
730,Jesus Sucre\sucreje01,30,TBR,1.0,2,2,1,0,0,0,0,0,,0,0,3,2,67%,16,.486,0,0,1,1,0,1,1,1,0,2,0,0,1.5,12
731,Wander Suero\suerowa01,26,WSN,47.2,40,40,11,4,1,0,0,0,,3,2,31,5,16%,8,.682,8,6,25,15,6,19,16,24,15,9,16,6,3.6,20
732,Brent Suter*\suterbr01,28,MIL,101.1,20,2,0,1,0,0,0,0,,0,0,2,0,0%,6,.849,1,0,1,0,1,1,1,1,2,0,2,0,10.0,56
733,Anthony Swarzak\swarzan01,32,NYM,26.1,29,29,12,0,2,5,4,1,80%,8,2,9,4,44%,8,.994,10,6,13,12,6,11,6,23,5,8,5,4,2.7,17
734,Stephen Tarpley*\tarplst01,25,NYY,9.0,10,10,3,0,0,0,0,0,,0,0,4,1,25%,7,.255,1,1,8,2,2,6,2,8,2,6,2,3,2.7,15
735,Ben Taylor\taylobe10,25,CLE,6.0,6,6,4,0,0,0,0,0,,0,0,4,2,50%,9,.287,0,2,3,3,0,3,2,4,1,2,1,2,3.0,17
736,Junichi Tazawa\tazawju01,32,TOT,28.0,31,31,10,1,1,0,0,0,,2,2,19,9,47%,,.555,4,6,18,6,2,23,11,20,5,10,5,5,2.7,16
737,Junichi Tazawa\tazawju01,32,MIA,20.0,22,22,8,1,1,0,0,0,,2,2,10,5,50%,8,.609,4,3,12,5,2,15,6,16,3,7,3,5,2.7,18
738,Junichi Tazawa\tazawju01,32,LAA,8.0,9,9,2,0,0,0,0,0,,0,0,9,4,44%,8,.402,0,3,6,1,0,8,5,4,2,3,2,0,2.7,13
739,Ryan Tepera\teperry01,30,TOR,64.2,68,68,19,5,5,15,7,8,47%,34,19,34,15,44%,8,1.619,29,20,19,42,9,17,22,46,9,14,11,14,2.9,15
740,Jake Thompson\thompja03,24,PHI,16.1,9,9,6,1,0,2,2,0,100%,2,0,2,0,0%,9,.605,3,0,6,3,2,4,1,8,5,2,5,2,5.4,32
741,Tyler Thornburg\thornty01,29,BOS,24.0,25,25,9,2,0,0,0,0,,3,3,3,1,33%,9,.542,3,5,17,10,2,13,2,23,1,4,1,5,2.9,17
742,Carlos Tocci\toccica01,22,TEX,0.2,1,1,0,0,0,0,0,0,,0,0,2,0,0%,8,.000,0,0,0,0,0,1,1,0,0,1,0,0,2.0,9
743,Josh Tomlin\tomlijo01,33,CLE,70.1,32,23,19,2,2,0,0,0,,1,0,5,2,40%,9,.730,4,0,15,6,3,14,3,20,5,4,6,5,3.6,20
744,Carlos Torres\torreca01,35,WSN,9.2,10,10,9,0,0,0,0,0,,0,0,3,0,0%,9,.209,1,0,7,5,0,5,1,9,0,1,0,2,2.9,15
745,Touki Toussaint\toussto01,22,ATL,29.0,7,2,1,0,0,0,0,0,,0,0,0,0,,8,1.001,0,1,1,0,0,2,0,2,0,0,0,0,3.0,20
746,Blake Treinen\treinbl01,30,OAK,80.1,68,68,58,9,2,43,38,5,88%,44,0,19,6,32%,9,2.227,49,8,11,53,14,1,12,56,19,4,19,22,3.5,17
747,Lou Trivino\trivilo01,26,OAK,74.0,69,68,10,8,3,9,4,5,44%,33,23,38,13,34%,8,1.422,32,16,20,44,14,10,22,46,18,15,19,16,3.2,16
748,Sam Tuivailala\tuivasa01,25,TOT,37.0,36,36,5,4,3,0,0,0,,4,4,14,5,36%,,.963,10,7,19,6,9,21,9,27,9,10,10,2,3.1,18
749,Sam Tuivailala\tuivasa01,25,STL,31.2,31,31,5,3,3,0,0,0,,4,4,12,5,42%,7,.981,8,7,16,6,8,17,8,23,8,9,9,2,3.1,18
750,Sam Tuivailala\tuivasa01,25,SEA,5.1,5,5,0,1,0,0,0,0,,0,0,2,0,0%,8,.838,2,0,3,0,1,4,1,4,1,1,1,0,3.2,16
751,Spencer Turnbull\turnbsp01,25,DET,16.1,4,1,0,0,0,0,0,0,,1,1,0,0,,7,.729,1,0,0,1,0,0,0,1,0,0,0,0,3.0,11
752,Jacob Turner\turneja01,27,TOT,6.2,5,4,1,0,0,0,0,0,,0,0,3,0,0%,,.731,1,1,2,0,2,2,2,2,2,1,3,1,4.3,31
753,Jacob Turner\turneja01,27,MIA,5.2,4,4,1,0,0,0,0,0,,0,0,3,0,0%,6,.611,1,1,2,0,2,2,2,2,2,1,3,1,4.3,31
754,Julio Urias*\uriasju01,21,LAD,4.0,3,3,3,0,0,0,0,0,,0,0,0,0,,9,.000,0,0,0,3,0,0,0,3,1,0,1,0,4.0,19
755,Framber Valdez*\valdefr01,24,HOU,37.0,8,3,0,2,0,0,0,0,,1,1,2,0,0%,2,1.114,1,2,0,2,1,0,1,2,3,0,3,0,12.7,69
756,Jose Valdez\valdejo03,28,SFG,5.0,4,4,3,0,0,0,0,0,,0,0,0,0,,9,.082,0,0,4,1,0,3,0,4,1,0,1,0,3.8,19
757,Danny Valencia\valenda01,33,BAL,0.1,1,1,1,0,0,0,0,0,,0,0,2,0,0%,8,.000,0,0,0,0,0,1,1,0,0,1,0,0,1.0,7
758,Jesmuel Valentin\valenje01,24,PHI,1.0,1,1,1,0,0,0,0,0,,0,0,0,0,,8,.000,0,0,0,0,0,1,0,1,0,0,0,0,3.0,27
759,Andrew Vasquez*\vasquan02,24,MIN,5.0,9,9,0,1,0,0,0,0,,0,0,7,2,29%,5,.459,0,2,7,3,0,6,5,4,0,6,1,0,1.7,11
760,Jerry Vasto*\vastoje01,26,TOT,4.1,6,6,0,0,1,0,0,0,,1,1,5,0,0%,,1.120,1,3,2,1,1,4,2,4,0,4,0,1,2.2,16
761,Jerry Vasto*\vastoje01,26,COL,0.2,1,1,0,0,0,0,0,0,,0,0,0,0,,7,.794,0,0,1,0,0,1,0,1,0,1,0,0,2.0,23
762,Jerry Vasto*\vastoje01,26,KCR,3.2,5,5,0,0,1,0,0,0,,1,1,5,0,0%,6,1.251,1,3,1,1,1,3,2,3,0,3,0,1,2.2,15
763,Felipe Vazquez*\riverfe01,26,PIT,70.0,70,70,60,4,2,42,37,5,88%,42,0,24,12,50%,9,2.062,33,12,25,52,7,11,14,56,9,9,9,18,3.0,17
764,Vince Velasquez\velasvi01,26,PHI,146.2,31,1,1,1,0,0,0,0,,0,0,0,0,,16,1.010,1,0,0,0,1,0,0,1,0,0,0,0,3.0,20
765,Hector Velazquez\velazhe01,29,BOS,85.0,47,39,15,5,0,0,0,0,,3,3,19,7,37%,8,.756,5,10,20,14,3,22,11,28,16,7,18,5,4.2,23
766,Pat Venditte#\vendipa01,33,LAD,14.0,15,15,6,0,0,0,0,0,,0,0,10,0,0%,9,.283,0,2,12,6,0,9,5,10,2,4,3,2,2.8,15
767,Jonny Venters*\ventejo01,33,TOT,34.1,50,49,10,5,1,4,3,1,75%,21,16,27,7,26%,,1.291,20,9,20,27,5,17,18,31,2,27,6,13,2.1,10
768,Jonny Venters*\ventejo01,33,TBR,14.0,22,21,6,1,0,1,1,0,100%,8,6,10,3,30%,8,.885,7,4,10,13,2,6,7,14,1,12,4,5,2.0,9
769,Jonny Venters*\ventejo01,33,ATL,20.1,28,28,4,4,1,3,2,1,67%,13,10,17,4,24%,8,1.561,13,5,10,14,3,11,11,17,1,15,2,8,2.2,11
770,Drew VerHagen\verhadr01,27,DET,56.1,41,40,4,3,2,2,0,2,0%,6,3,26,7,27%,6,.796,7,16,17,12,4,24,13,27,14,8,16,2,4.0,21
771,Thyago Vieira\vieirth01,24,CHW,17.2,16,16,9,1,1,1,1,0,100%,2,1,7,2,29%,9,.429,3,0,12,4,1,11,5,11,5,4,5,2,3.3,20
772,Nick Vincent\vinceni01,31,SEA,56.1,62,61,8,4,4,2,0,2,0%,17,15,26,15,58%,7,1.223,31,11,19,27,16,18,16,45,7,18,9,16,2.7,13
773,Arodys Vizcaino\vizcaar01,27,ATL,38.1,39,39,31,2,2,18,16,2,89%,19,1,2,2,100%,9,1.622,17,9,13,28,7,4,1,38,0,2,0,8,2.9,16
774,Chris Volstad\volstch01,31,CHW,47.1,33,32,5,1,4,2,0,2,0%,4,1,32,20,63%,8,.777,6,8,16,10,3,19,17,15,14,10,17,4,4.0,24
775,Austin Voth\vothau01,26,WSN,12.1,4,2,0,0,0,0,0,0,,0,0,0,0,,7,.655,0,0,2,0,0,2,0,2,1,0,1,0,4.5,22
776,Bobby Wahl\wahlbo01,26,NYM,5.1,7,7,0,0,1,0,0,0,,2,2,3,1,33%,7,.854,3,1,3,2,2,3,1,6,0,4,0,1,2.3,16
777,Marcus Walden\waldema01,29,BOS,14.2,8,8,5,0,0,1,1,0,100%,2,1,4,0,0%,8,.338,0,1,7,7,0,1,3,5,5,0,6,2,5.5,27
778,Adam Warren\warread01,30,TOT,51.2,47,47,10,3,2,1,0,1,0%,6,4,17,5,29%,,.840,10,12,25,15,9,23,12,35,12,9,14,8,3.3,21
779,Adam Warren\warread01,30,NYY,30.0,24,24,6,0,1,0,0,0,,2,2,9,2,22%,7,.753,2,7,15,7,4,13,7,17,8,4,9,2,3.8,24
780,Adam Warren\warread01,30,SEA,21.2,23,23,4,3,1,1,0,1,0%,4,2,8,3,38%,7,.957,8,5,10,8,5,10,5,18,4,5,5,6,2.8,18
781,Tony Watson*\watsoto01,33,SFG,66.0,72,72,10,4,6,4,0,4,0%,36,32,26,8,31%,8,1.639,45,15,12,43,22,7,16,56,4,16,5,16,2.8,13
782,Luke Weaver\weavelu01,24,STL,136.1,30,5,3,1,0,0,0,0,,0,0,2,0,0%,9,.880,0,1,2,3,0,2,2,3,2,2,2,0,4.2,31
783,Tyler Webb*\webbty01,27,TOT,20.1,22,22,5,0,1,0,0,0,,0,0,12,5,42%,,.719,4,4,14,4,2,16,5,17,4,10,5,5,2.8,16
784,Tyler Webb*\webbty01,27,SDP,5.0,4,4,1,0,1,0,0,0,,0,0,3,0,0%,12,.887,2,0,2,0,1,3,1,3,1,2,2,2,3.8,24
785,Tyler Webb*\webbty01,27,STL,15.1,18,18,4,0,0,0,0,0,,0,0,9,5,56%,9,.658,2,4,12,4,1,13,4,14,3,8,3,3,2.6,14
786,Ryan Weber\weberry01,27,TBR,5.1,2,2,0,0,1,0,0,0,,0,0,0,0,,9,.739,0,1,1,1,1,0,0,2,1,1,1,0,8.0,37
787,Allen Webster\webstal01,28,CHC,3.0,3,3,1,1,0,0,0,0,,0,0,1,0,0%,8,.239,0,1,1,0,0,3,1,2,1,1,1,0,3.0,18
788,Zack Weiss\weissza01,26,CIN,0.0,1,1,0,0,0,0,0,0,,0,0,0,0,,7,.620,0,1,0,0,0,1,0,1,0,1,0,0,0.0,15
789,J.B. Wendelken\wendejb01,25,OAK,16.2,13,13,3,0,0,0,0,0,,2,2,5,4,80%,7,.365,1,1,11,7,0,6,3,10,4,2,4,2,3.8,19
790,Rob Whalen\whalero01,24,SEA,4.0,1,1,0,0,0,0,0,0,,0,0,0,0,,4,.576,0,0,1,0,0,1,0,1,1,0,1,0,12.0,47
791,Chase Whitley\whitlch01,29,ATL,1.0,1,1,0,0,0,0,0,0,,0,0,0,0,,7,.388,0,1,0,0,0,1,0,1,0,0,0,0,3.0,20
792,Rowan Wick\wickro01,25,SDP,8.1,10,10,3,0,1,0,0,0,,0,0,1,0,0%,6,.785,2,3,4,1,3,6,1,9,1,3,1,1,2.5,13
793,Brad Wieck*\wieckbr01,26,SDP,7.0,5,5,0,0,0,0,0,0,,0,0,0,0,,8,.603,1,1,3,1,1,3,0,5,2,0,2,0,4.2,19
794,Aaron Wilkerson\wilkeaa01,29,MIL,9.0,3,2,2,0,0,0,0,0,,0,0,0,0,,8,.589,0,0,2,0,0,2,0,2,1,0,1,0,6.0,38
795,Austen Williams\williau01,25,WSN,9.2,10,10,4,0,1,0,0,0,,0,0,4,1,25%,9,.343,0,1,8,3,1,6,2,8,2,4,2,1,2.9,18
796,Taylor Williams\willita01,26,MIL,53.0,56,56,10,1,3,1,0,1,0%,6,4,12,3,25%,8,.916,12,12,30,19,10,27,8,48,8,17,13,13,2.8,17
797,Alex Wilson\wilsoal01,31,DET,61.2,59,59,13,2,4,4,0,4,0%,18,14,39,11,28%,7,1.141,19,18,21,27,8,24,24,35,17,20,19,9,3.1,16
798,Bryse Wilson\wilsobr02,20,ATL,7.0,3,2,2,0,0,0,0,0,,0,0,0,0,,9,.801,0,0,2,0,0,2,0,2,0,0,0,0,3.0,24
799,Justin Wilson*\wilsoju10,30,CHC,54.2,71,71,12,4,5,3,0,3,0%,21,16,37,3,8%,7,1.177,30,15,24,32,18,21,24,47,6,32,7,13,2.3,15
800,Trey Wingenter\wingetr01,24,SDP,19.0,22,22,5,0,0,2,0,2,0%,8,5,10,5,50%,8,.835,7,4,11,11,2,9,5,17,2,5,2,6,2.6,15
801,Dan Winkler\winklda01,28,ATL,60.1,69,69,11,4,0,5,2,3,40%,28,23,35,10,29%,8,1.276,31,17,20,39,12,18,21,48,6,22,8,12,2.6,15
802,Matt Wisler\wislema01,25,TOT,40.0,18,15,3,0,0,1,0,1,0%,1,0,11,4,36%,,.584,2,2,10,2,0,13,6,9,9,2,9,0,4.5,22
803,Matt Wisler\wislema01,25,ATL,26.2,7,4,1,0,0,0,0,0,,0,0,3,1,33%,7,.720,1,1,2,1,0,3,3,1,4,0,4,0,7.0,35
804,Matt Wisler\wislema01,25,CIN,13.1,11,11,2,0,0,1,0,1,0%,1,0,8,3,38%,6,.302,1,1,8,1,0,10,3,8,5,2,5,0,3.6,18
805,Nick Wittgren\wittgni01,27,MIA,33.2,32,32,6,2,1,0,0,0,,5,5,12,5,42%,7,.613,6,7,17,11,3,18,6,26,6,7,6,6,3.2,19
806,Alex Wood*\woodal02,27,LAD,151.2,33,6,0,1,0,0,0,0,,1,1,5,0,0%,7,.989,3,0,3,3,1,2,2,4,1,5,1,2,1.8,11
807,Blake Wood\woodbl01,32,LAA,11.2,13,13,1,1,0,0,0,0,,4,4,2,0,0%,8,.874,3,3,6,8,1,4,2,11,1,3,1,4,2.7,15
808,Hunter Wood\woodhu01,24,TBR,41.0,29,21,3,1,0,0,0,0,,5,5,7,0,0%,8,.807,4,7,8,12,2,7,4,17,9,6,9,4,4.0,21
809,Brandon Woodruff\woodrbr01,25,MIL,42.1,19,15,4,2,0,1,1,0,100%,3,2,2,2,100%,7,.583,0,5,10,6,0,9,1,14,10,1,10,0,5.3,28
810,Brandon Workman\workmbr01,29,BOS,41.1,43,43,4,6,1,0,0,0,,7,7,18,5,28%,8,.845,9,11,21,20,7,16,12,31,6,10,6,11,2.9,15
811,Kyle Wright\wrighky01,22,ATL,6.0,4,4,1,0,0,0,0,0,,0,0,0,0,,7,.329,0,0,4,0,0,4,0,4,2,0,3,0,4.5,32
812,Mike Wright Jr.\wrighmi01,28,BAL,84.1,48,45,16,4,2,0,0,0,,2,2,29,7,24%,5,.587,7,8,25,8,5,32,18,27,25,5,28,4,5.0,31
813,Steven Wright\wrighst01,33,BOS,53.2,20,16,4,2,0,1,1,0,100%,4,3,1,1,100%,6,1.011,4,6,6,8,1,7,1,15,8,1,8,2,5.6,29
814,Jimmy Yacabonis\yacabji01,26,BAL,40.0,12,5,0,0,0,0,0,0,,0,0,4,0,0%,6,.921,0,1,4,0,0,5,2,3,4,0,4,0,7.0,41
815,Ryan Yarbrough*\yarbrry01,26,TBR,147.1,38,32,3,14,4,0,0,0,,1,1,24,7,29%,2,.972,9,19,4,8,16,8,15,17,29,1,29,0,11.1,61
816,Kirby Yates\yateski01,31,SDP,63.0,65,65,28,5,3,13,12,1,92%,29,16,17,3,18%,9,1.677,40,8,15,36,18,11,9,56,5,11,5,12,2.9,16
817,Mike Zagurski*\zagurmi01,35,MIL,1.0,2,2,0,0,1,1,0,1,0%,1,0,1,1,100%,7,1.522,1,0,1,1,0,1,1,1,0,1,1,0,1.5,20
818,Daniel Zamora*\zamorda01,25,NYM,9.0,16,16,4,1,0,0,0,0,,5,5,14,2,14%,8,1.266,6,4,6,7,3,6,8,8,2,11,2,2,1.7,10
819,Rob Zastryzny*\zastrro01,26,CHC,5.2,6,6,2,1,0,0,0,0,,0,0,3,0,0%,10,.572,1,1,4,1,1,4,1,5,1,2,2,2,2.8,18
820,Brad Ziegler\zieglbr01,38,TOT,73.2,82,82,24,2,6,12,10,2,83%,32,20,44,11,25%,,1.343,31,24,24,50,17,15,22,60,9,27,10,26,2.7,13
821,Brad Ziegler\zieglbr01,38,MIA,52.0,53,53,23,1,5,11,10,1,91%,22,11,21,4,19%,9,1.254,20,14,16,34,10,9,11,42,6,9,6,16,2.9,14
822,Brad Ziegler\zieglbr01,38,ARI,21.2,29,29,1,1,1,1,0,1,0%,10,9,23,7,30%,7,1.549,11,10,8,16,7,6,11,18,3,18,4,10,2.2,12